activation,allele,dropout_probability,embedding_output_dim,fit_time,fraction_negative,impute,layer_sizes,model_params,n_training_epochs,pretrain_decay,test_auc,test_f1,test_size,test_tau,train_auc,train_f1,train_size,train_tau,layer0_size,model_string
tanh,HLA-A0203,0.5,32,1.72636890411,0.2,False,[64],"{'pretrain_decay': '1 / (1+epoch)**2', 'dropout_probability': 0.5, 'layer_sizes': [64], 'fraction_negative': 0.2, 'activation': 'tanh', 'impute': False, 'embedding_output_dim': 32, 'n_training_epochs': 250}",250,1 / (1+epoch)**2,0.787808536794,0.483002832861,5315,0.372769441398,0.998302207131,0.947368421053,50,0.770267233081,64,"{'pretrain_decay': '1 / (1+epoch)**2', 'dropout_probability': 0.5, 'layer_sizes': [64], 'fraction_negative': 0.2, 'activation': 'tanh', 'impute': False, 'embedding_output_dim': 32, 'n_training_epochs': 250}"
tanh,HLA-A0203,0.5,32,3.95000195503,0.2,True,[64],"{'pretrain_decay': '1 / (1+epoch)**2', 'dropout_probability': 0.5, 'layer_sizes': [64], 'fraction_negative': 0.2, 'activation': 'tanh', 'impute': True, 'embedding_output_dim': 32, 'n_training_epochs': 250}",250,1 / (1+epoch)**2,0.815349890295,0.513710517182,5315,0.416517617004,0.998302207131,0.947368421053,50,0.8249313593,64,"{'pretrain_decay': '1 / (1+epoch)**2', 'dropout_probability': 0.5, 'layer_sizes': [64], 'fraction_negative': 0.2, 'activation': 'tanh', 'impute': True, 'embedding_output_dim': 32, 'n_training_epochs': 250}"
tanh,HLA-A0203,0.5,32,3.29875397682,0.2,False,[64],"{'pretrain_decay': '1 / (1+epoch)**2', 'dropout_probability': 0.5, 'layer_sizes': [64], 'fraction_negative': 0.2, 'activation': 'tanh', 'impute': False, 'embedding_output_dim': 32, 'n_training_epochs': 250}",250,1 / (1+epoch)**2,0.78266903704,0.536395988353,5375,0.3843455317,1.0,0.918918918919,50,0.804754860493,64,"{'pretrain_decay': '1 / (1+epoch)**2', 'dropout_probability': 0.5, 'layer_sizes': [64], 'fraction_negative': 0.2, 'activation': 'tanh', 'impute': False, 'embedding_output_dim': 32, 'n_training_epochs': 250}"
tanh,HLA-A0203,0.5,32,4.9562060833,0.2,True,[64],"{'pretrain_decay': '1 / (1+epoch)**2', 'dropout_probability': 0.5, 'layer_sizes': [64], 'fraction_negative': 0.2, 'activation': 'tanh', 'impute': True, 'embedding_output_dim': 32, 'n_training_epochs': 250}",250,1 / (1+epoch)**2,0.790376563678,0.546405228758,5375,0.394875392851,1.0,0.918918918919,50,0.831692261681,64,"{'pretrain_decay': '1 / (1+epoch)**2', 'dropout_probability': 0.5, 'layer_sizes': [64], 'fraction_negative': 0.2, 'activation': 'tanh', 'impute': True, 'embedding_output_dim': 32, 'n_training_epochs': 250}"
tanh,HLA-A0203,0.5,32,4.35508298874,0.2,True,[64],"{'pretrain_decay': '1 / (1+epoch)**2', 'dropout_probability': 0.5, 'layer_sizes': [64], 'fraction_negative': 0.2, 'activation': 'tanh', 'impute': True, 'embedding_output_dim': 32, 'n_training_epochs': 250}",250,1 / (1+epoch)**2,0.813876040533,0.515341701534,5369,0.436849631901,0.992380952381,0.903225806452,50,0.872409915703,64,"{'pretrain_decay': '1 / (1+epoch)**2', 'dropout_probability': 0.5, 'layer_sizes': [64], 'fraction_negative': 0.2, 'activation': 'tanh', 'impute': True, 'embedding_output_dim': 32, 'n_training_epochs': 250}"
tanh,HLA-A0203,0.5,32,2.193764925,0.2,False,[64],"{'pretrain_decay': '1 / (1+epoch)**2', 'dropout_probability': 0.5, 'layer_sizes': [64], 'fraction_negative': 0.2, 'activation': 'tanh', 'impute': False, 'embedding_output_dim': 32, 'n_training_epochs': 250}",250,1 / (1+epoch)**2,0.794475694813,0.461988304094,5369,0.401830023992,0.99619047619,0.888888888889,50,0.842441636156,64,"{'pretrain_decay': '1 / (1+epoch)**2', 'dropout_probability': 0.5, 'layer_sizes': [64], 'fraction_negative': 0.2, 'activation': 'tanh', 'impute': False, 'embedding_output_dim': 32, 'n_training_epochs': 250}"
tanh,HLA-A0201,0.5,32,18.5076520443,0.2,True,[64],"{'pretrain_decay': '1 / (1+epoch)**2', 'dropout_probability': 0.5, 'layer_sizes': [64], 'fraction_negative': 0.2, 'activation': 'tanh', 'impute': True, 'embedding_output_dim': 32, 'n_training_epochs': 250}",250,1 / (1+epoch)**2,0.937105677949,0.778107306552,6578,0.566801244066,0.96512446067,0.85671641791,1000,0.651182701909,64,"{'pretrain_decay': '1 / (1+epoch)**2', 'dropout_probability': 0.5, 'layer_sizes': [64], 'fraction_negative': 0.2, 'activation': 'tanh', 'impute': True, 'embedding_output_dim': 32, 'n_training_epochs': 250}"
tanh,HLA-A0201,0.5,32,19.3868501186,0.2,False,[64],"{'pretrain_decay': '1 / (1+epoch)**2', 'dropout_probability': 0.5, 'layer_sizes': [64], 'fraction_negative': 0.2, 'activation': 'tanh', 'impute': False, 'embedding_output_dim': 32, 'n_training_epochs': 250}",250,1 / (1+epoch)**2,0.937746098211,0.783494105038,6578,0.5667665529,0.964381015599,0.864784546805,1000,0.649206970618,64,"{'pretrain_decay': '1 / (1+epoch)**2', 'dropout_probability': 0.5, 'layer_sizes': [64], 'fraction_negative': 0.2, 'activation': 'tanh', 'impute': False, 'embedding_output_dim': 32, 'n_training_epochs': 250}"
tanh,HLA-A0201,0.5,32,21.0111010075,0.2,True,[64],"{'pretrain_decay': '1 / (1+epoch)**2', 'dropout_probability': 0.5, 'layer_sizes': [64], 'fraction_negative': 0.2, 'activation': 'tanh', 'impute': True, 'embedding_output_dim': 32, 'n_training_epochs': 250}",250,1 / (1+epoch)**2,0.939144229003,0.763819095477,6478,0.580868650198,0.964395831299,0.842809364548,1000,0.617124913375,64,"{'pretrain_decay': '1 / (1+epoch)**2', 'dropout_probability': 0.5, 'layer_sizes': [64], 'fraction_negative': 0.2, 'activation': 'tanh', 'impute': True, 'embedding_output_dim': 32, 'n_training_epochs': 250}"
tanh,HLA-A0201,0.5,32,17.923309803,0.2,False,[64],"{'pretrain_decay': '1 / (1+epoch)**2', 'dropout_probability': 0.5, 'layer_sizes': [64], 'fraction_negative': 0.2, 'activation': 'tanh', 'impute': False, 'embedding_output_dim': 32, 'n_training_epochs': 250}",250,1 / (1+epoch)**2,0.939693177917,0.768323504634,6478,0.581335467058,0.964512093605,0.836424957841,1000,0.616712430846,64,"{'pretrain_decay': '1 / (1+epoch)**2', 'dropout_probability': 0.5, 'layer_sizes': [64], 'fraction_negative': 0.2, 'activation': 'tanh', 'impute': False, 'embedding_output_dim': 32, 'n_training_epochs': 250}"
tanh,HLA-A0201,0.5,32,20.6404371262,0.2,False,[64],"{'pretrain_decay': '1 / (1+epoch)**2', 'dropout_probability': 0.5, 'layer_sizes': [64], 'fraction_negative': 0.2, 'activation': 'tanh', 'impute': False, 'embedding_output_dim': 32, 'n_training_epochs': 250}",250,1 / (1+epoch)**2,0.937720477174,0.758128921848,6537,0.569621231883,0.958348694926,0.828178694158,1000,0.623816738194,64,"{'pretrain_decay': '1 / (1+epoch)**2', 'dropout_probability': 0.5, 'layer_sizes': [64], 'fraction_negative': 0.2, 'activation': 'tanh', 'impute': False, 'embedding_output_dim': 32, 'n_training_epochs': 250}"
tanh,HLA-A0201,0.5,32,21.9711260796,0.2,True,[64],"{'pretrain_decay': '1 / (1+epoch)**2', 'dropout_probability': 0.5, 'layer_sizes': [64], 'fraction_negative': 0.2, 'activation': 'tanh', 'impute': True, 'embedding_output_dim': 32, 'n_training_epochs': 250}",250,1 / (1+epoch)**2,0.937998720127,0.765993265993,6537,0.57182447198,0.961578129448,0.841930116473,1000,0.633757700068,64,"{'pretrain_decay': '1 / (1+epoch)**2', 'dropout_probability': 0.5, 'layer_sizes': [64], 'fraction_negative': 0.2, 'activation': 'tanh', 'impute': True, 'embedding_output_dim': 32, 'n_training_epochs': 250}"
tanh,HLA-A0201,0.5,32,4.52754092216,0.2,True,[64],"{'pretrain_decay': '1 / (1+epoch)**2', 'dropout_probability': 0.5, 'layer_sizes': [64], 'fraction_negative': 0.2, 'activation': 'tanh', 'impute': True, 'embedding_output_dim': 32, 'n_training_epochs': 250}",250,1 / (1+epoch)**2,0.761048657107,0.0681058072362,9537,0.331257134589,1.0,1.0,10,1.0,64,"{'pretrain_decay': '1 / (1+epoch)**2', 'dropout_probability': 0.5, 'layer_sizes': [64], 'fraction_negative': 0.2, 'activation': 'tanh', 'impute': True, 'embedding_output_dim': 32, 'n_training_epochs': 250}"
tanh,HLA-A0201,0.5,32,2.62493491173,0.2,False,[64],"{'pretrain_decay': '1 / (1+epoch)**2', 'dropout_probability': 0.5, 'layer_sizes': [64], 'fraction_negative': 0.2, 'activation': 'tanh', 'impute': False, 'embedding_output_dim': 32, 'n_training_epochs': 250}",250,1 / (1+epoch)**2,0.510052044838,0.0192906036092,9537,0.0255389269736,1.0,1.0,10,0.955555555556,64,"{'pretrain_decay': '1 / (1+epoch)**2', 'dropout_probability': 0.5, 'layer_sizes': [64], 'fraction_negative': 0.2, 'activation': 'tanh', 'impute': False, 'embedding_output_dim': 32, 'n_training_epochs': 250}"
tanh,HLA-A0201,0.5,32,4.52594900131,0.2,True,[64],"{'pretrain_decay': '1 / (1+epoch)**2', 'dropout_probability': 0.5, 'layer_sizes': [64], 'fraction_negative': 0.2, 'activation': 'tanh', 'impute': True, 'embedding_output_dim': 32, 'n_training_epochs': 250}",250,1 / (1+epoch)**2,0.798849565608,0.223806911684,9474,0.383791023974,1.0,1.0,10,0.955555555556,64,"{'pretrain_decay': '1 / (1+epoch)**2', 'dropout_probability': 0.5, 'layer_sizes': [64], 'fraction_negative': 0.2, 'activation': 'tanh', 'impute': True, 'embedding_output_dim': 32, 'n_training_epochs': 250}"
tanh,HLA-A0201,0.5,32,2.30587911606,0.2,False,[64],"{'pretrain_decay': '1 / (1+epoch)**2', 'dropout_probability': 0.5, 'layer_sizes': [64], 'fraction_negative': 0.2, 'activation': 'tanh', 'impute': False, 'embedding_output_dim': 32, 'n_training_epochs': 250}",250,1 / (1+epoch)**2,0.624110128091,0.0871886120996,9474,0.152299715404,1.0,1.0,10,0.955555555556,64,"{'pretrain_decay': '1 / (1+epoch)**2', 'dropout_probability': 0.5, 'layer_sizes': [64], 'fraction_negative': 0.2, 'activation': 'tanh', 'impute': False, 'embedding_output_dim': 32, 'n_training_epochs': 250}"
tanh,HLA-A0201,0.5,32,2.30287289619,0.2,False,[64],"{'pretrain_decay': '1 / (1+epoch)**2', 'dropout_probability': 0.5, 'layer_sizes': [64], 'fraction_negative': 0.2, 'activation': 'tanh', 'impute': False, 'embedding_output_dim': 32, 'n_training_epochs': 250}",250,1 / (1+epoch)**2,0.696473703286,0.0499075785582,9520,0.250387205094,1.0,0.857142857143,10,1.0,64,"{'pretrain_decay': '1 / (1+epoch)**2', 'dropout_probability': 0.5, 'layer_sizes': [64], 'fraction_negative': 0.2, 'activation': 'tanh', 'impute': False, 'embedding_output_dim': 32, 'n_training_epochs': 250}"
tanh,HLA-A0201,0.5,32,4.27846002579,0.2,True,[64],"{'pretrain_decay': '1 / (1+epoch)**2', 'dropout_probability': 0.5, 'layer_sizes': [64], 'fraction_negative': 0.2, 'activation': 'tanh', 'impute': True, 'embedding_output_dim': 32, 'n_training_epochs': 250}",250,1 / (1+epoch)**2,0.803198206744,0.0932050511124,9520,0.388868660251,1.0,1.0,10,1.0,64,"{'pretrain_decay': '1 / (1+epoch)**2', 'dropout_probability': 0.5, 'layer_sizes': [64], 'fraction_negative': 0.2, 'activation': 'tanh', 'impute': True, 'embedding_output_dim': 32, 'n_training_epochs': 250}"
tanh,HLA-A0203,0.5,32,2.58723711967,0.2,False,[64],"{'pretrain_decay': '1 / (1+epoch)**2', 'dropout_probability': 0.5, 'layer_sizes': [64], 'fraction_negative': 0.2, 'activation': 'tanh', 'impute': False, 'embedding_output_dim': 32, 'n_training_epochs': 250}",250,1 / (1+epoch)**2,0.678121654748,0.0966650555824,5489,0.220779400812,1.0,1.0,10,0.966091783079,64,"{'pretrain_decay': '1 / (1+epoch)**2', 'dropout_probability': 0.5, 'layer_sizes': [64], 'fraction_negative': 0.2, 'activation': 'tanh', 'impute': False, 'embedding_output_dim': 32, 'n_training_epochs': 250}"
tanh,HLA-A0203,0.5,32,4.24157094955,0.2,True,[64],"{'pretrain_decay': '1 / (1+epoch)**2', 'dropout_probability': 0.5, 'layer_sizes': [64], 'fraction_negative': 0.2, 'activation': 'tanh', 'impute': True, 'embedding_output_dim': 32, 'n_training_epochs': 250}",250,1 / (1+epoch)**2,0.757713843299,0.0736377025037,5489,0.335473700478,1.0,1.0,10,0.966091783079,64,"{'pretrain_decay': '1 / (1+epoch)**2', 'dropout_probability': 0.5, 'layer_sizes': [64], 'fraction_negative': 0.2, 'activation': 'tanh', 'impute': True, 'embedding_output_dim': 32, 'n_training_epochs': 250}"
tanh,HLA-A0203,0.5,32,2.29999899864,0.2,False,[64],"{'pretrain_decay': '1 / (1+epoch)**2', 'dropout_probability': 0.5, 'layer_sizes': [64], 'fraction_negative': 0.2, 'activation': 'tanh', 'impute': False, 'embedding_output_dim': 32, 'n_training_epochs': 250}",250,1 / (1+epoch)**2,0.71502386885,0.055145248646,5512,0.289235440392,1.0,1.0,10,0.816496580928,64,"{'pretrain_decay': '1 / (1+epoch)**2', 'dropout_probability': 0.5, 'layer_sizes': [64], 'fraction_negative': 0.2, 'activation': 'tanh', 'impute': False, 'embedding_output_dim': 32, 'n_training_epochs': 250}"
tanh,HLA-A0203,0.5,32,4.5375919342,0.2,True,[64],"{'pretrain_decay': '1 / (1+epoch)**2', 'dropout_probability': 0.5, 'layer_sizes': [64], 'fraction_negative': 0.2, 'activation': 'tanh', 'impute': True, 'embedding_output_dim': 32, 'n_training_epochs': 250}",250,1 / (1+epoch)**2,0.795470573277,0.0873739798368,5512,0.395721488618,1.0,1.0,10,0.816496580928,64,"{'pretrain_decay': '1 / (1+epoch)**2', 'dropout_probability': 0.5, 'layer_sizes': [64], 'fraction_negative': 0.2, 'activation': 'tanh', 'impute': True, 'embedding_output_dim': 32, 'n_training_epochs': 250}"
tanh,HLA-A0203,0.5,32,2.62993884087,0.2,False,[64],"{'pretrain_decay': '1 / (1+epoch)**2', 'dropout_probability': 0.5, 'layer_sizes': [64], 'fraction_negative': 0.2, 'activation': 'tanh', 'impute': False, 'embedding_output_dim': 32, 'n_training_epochs': 250}",250,1 / (1+epoch)**2,0.732625416422,0.214759169244,5514,0.315639897639,1.0,1.0,10,0.920087412456,64,"{'pretrain_decay': '1 / (1+epoch)**2', 'dropout_probability': 0.5, 'layer_sizes': [64], 'fraction_negative': 0.2, 'activation': 'tanh', 'impute': False, 'embedding_output_dim': 32, 'n_training_epochs': 250}"
tanh,HLA-A0203,0.5,32,4.24913096428,0.2,True,[64],"{'pretrain_decay': '1 / (1+epoch)**2', 'dropout_probability': 0.5, 'layer_sizes': [64], 'fraction_negative': 0.2, 'activation': 'tanh', 'impute': True, 'embedding_output_dim': 32, 'n_training_epochs': 250}",250,1 / (1+epoch)**2,0.790998014432,0.25185832969,5514,0.395806259555,1.0,1.0,10,0.920087412456,64,"{'pretrain_decay': '1 / (1+epoch)**2', 'dropout_probability': 0.5, 'layer_sizes': [64], 'fraction_negative': 0.2, 'activation': 'tanh', 'impute': True, 'embedding_output_dim': 32, 'n_training_epochs': 250}"
tanh,HLA-A0301,0.5,32,4.01216387749,0.2,False,[64],"{'pretrain_decay': '1 / (1+epoch)**2', 'dropout_probability': 0.5, 'layer_sizes': [64], 'fraction_negative': 0.2, 'activation': 'tanh', 'impute': False, 'embedding_output_dim': 32, 'n_training_epochs': 250}",250,1 / (1+epoch)**2,0.835805603111,0.397087378641,5864,0.424021503454,0.995,0.923076923077,100,0.673731405495,64,"{'pretrain_decay': '1 / (1+epoch)**2', 'dropout_probability': 0.5, 'layer_sizes': [64], 'fraction_negative': 0.2, 'activation': 'tanh', 'impute': False, 'embedding_output_dim': 32, 'n_training_epochs': 250}"
tanh,HLA-A0301,0.5,32,5.88050818443,0.2,True,[64],"{'pretrain_decay': '1 / (1+epoch)**2', 'dropout_probability': 0.5, 'layer_sizes': [64], 'fraction_negative': 0.2, 'activation': 'tanh', 'impute': True, 'embedding_output_dim': 32, 'n_training_epochs': 250}",250,1 / (1+epoch)**2,0.847088479289,0.408084696824,5864,0.440684828412,0.995625,0.918918918919,100,0.671134304028,64,"{'pretrain_decay': '1 / (1+epoch)**2', 'dropout_probability': 0.5, 'layer_sizes': [64], 'fraction_negative': 0.2, 'activation': 'tanh', 'impute': True, 'embedding_output_dim': 32, 'n_training_epochs': 250}"
tanh,HLA-A0301,0.5,32,5.46174693108,0.2,True,[64],"{'pretrain_decay': '1 / (1+epoch)**2', 'dropout_probability': 0.5, 'layer_sizes': [64], 'fraction_negative': 0.2, 'activation': 'tanh', 'impute': True, 'embedding_output_dim': 32, 'n_training_epochs': 250}",250,1 / (1+epoch)**2,0.843878325944,0.447610294118,5830,0.431866291459,1.0,0.913043478261,100,0.741683515581,64,"{'pretrain_decay': '1 / (1+epoch)**2', 'dropout_probability': 0.5, 'layer_sizes': [64], 'fraction_negative': 0.2, 'activation': 'tanh', 'impute': True, 'embedding_output_dim': 32, 'n_training_epochs': 250}"
tanh,HLA-A0301,0.5,32,3.16910910606,0.2,False,[64],"{'pretrain_decay': '1 / (1+epoch)**2', 'dropout_probability': 0.5, 'layer_sizes': [64], 'fraction_negative': 0.2, 'activation': 'tanh', 'impute': False, 'embedding_output_dim': 32, 'n_training_epochs': 250}",250,1 / (1+epoch)**2,0.837747127636,0.383466135458,5830,0.421622966736,0.994133333333,0.863636363636,100,0.730849692683,64,"{'pretrain_decay': '1 / (1+epoch)**2', 'dropout_probability': 0.5, 'layer_sizes': [64], 'fraction_negative': 0.2, 'activation': 'tanh', 'impute': False, 'embedding_output_dim': 32, 'n_training_epochs': 250}"
tanh,HLA-A0301,0.5,32,5.93059587479,0.2,True,[64],"{'pretrain_decay': '1 / (1+epoch)**2', 'dropout_probability': 0.5, 'layer_sizes': [64], 'fraction_negative': 0.2, 'activation': 'tanh', 'impute': True, 'embedding_output_dim': 32, 'n_training_epochs': 250}",250,1 / (1+epoch)**2,0.815691239004,0.509604076833,5878,0.39807236605,1.0,0.95652173913,100,0.6971358398,64,"{'pretrain_decay': '1 / (1+epoch)**2', 'dropout_probability': 0.5, 'layer_sizes': [64], 'fraction_negative': 0.2, 'activation': 'tanh', 'impute': True, 'embedding_output_dim': 32, 'n_training_epochs': 250}"
tanh,HLA-A0301,0.5,32,3.95657205582,0.2,False,[64],"{'pretrain_decay': '1 / (1+epoch)**2', 'dropout_probability': 0.5, 'layer_sizes': [64], 'fraction_negative': 0.2, 'activation': 'tanh', 'impute': False, 'embedding_output_dim': 32, 'n_training_epochs': 250}",250,1 / (1+epoch)**2,0.820578415351,0.519844357977,5878,0.404652293409,1.0,0.978723404255,100,0.688995427789,64,"{'pretrain_decay': '1 / (1+epoch)**2', 'dropout_probability': 0.5, 'layer_sizes': [64], 'fraction_negative': 0.2, 'activation': 'tanh', 'impute': False, 'embedding_output_dim': 32, 'n_training_epochs': 250}"
tanh,HLA-A0203,0.5,32,22.7916600704,0.2,True,[64],"{'pretrain_decay': '1 / (1+epoch)**2', 'dropout_probability': 0.5, 'layer_sizes': [64], 'fraction_negative': 0.2, 'activation': 'tanh', 'impute': True, 'embedding_output_dim': 32, 'n_training_epochs': 250}",250,1 / (1+epoch)**2,0.909285637699,0.743387470998,3337,0.598731577765,0.958896784572,0.850746268657,1000,0.653996214086,64,"{'pretrain_decay': '1 / (1+epoch)**2', 'dropout_probability': 0.5, 'layer_sizes': [64], 'fraction_negative': 0.2, 'activation': 'tanh', 'impute': True, 'embedding_output_dim': 32, 'n_training_epochs': 250}"
tanh,HLA-A0203,0.5,32,18.6162800789,0.2,False,[64],"{'pretrain_decay': '1 / (1+epoch)**2', 'dropout_probability': 0.5, 'layer_sizes': [64], 'fraction_negative': 0.2, 'activation': 'tanh', 'impute': False, 'embedding_output_dim': 32, 'n_training_epochs': 250}",250,1 / (1+epoch)**2,0.911156373522,0.742072882158,3337,0.601191864042,0.958653727175,0.848120300752,1000,0.653289510603,64,"{'pretrain_decay': '1 / (1+epoch)**2', 'dropout_probability': 0.5, 'layer_sizes': [64], 'fraction_negative': 0.2, 'activation': 'tanh', 'impute': False, 'embedding_output_dim': 32, 'n_training_epochs': 250}"
tanh,HLA-A0203,0.5,32,14.514220953,0.2,False,[64],"{'pretrain_decay': '1 / (1+epoch)**2', 'dropout_probability': 0.5, 'layer_sizes': [64], 'fraction_negative': 0.2, 'activation': 'tanh', 'impute': False, 'embedding_output_dim': 32, 'n_training_epochs': 250}",250,1 / (1+epoch)**2,0.920177789988,0.747435271128,3330,0.604035387181,0.945579079527,0.836879432624,1000,0.649782034855,64,"{'pretrain_decay': '1 / (1+epoch)**2', 'dropout_probability': 0.5, 'layer_sizes': [64], 'fraction_negative': 0.2, 'activation': 'tanh', 'impute': False, 'embedding_output_dim': 32, 'n_training_epochs': 250}"
tanh,HLA-A0203,0.5,32,18.7009420395,0.2,True,[64],"{'pretrain_decay': '1 / (1+epoch)**2', 'dropout_probability': 0.5, 'layer_sizes': [64], 'fraction_negative': 0.2, 'activation': 'tanh', 'impute': True, 'embedding_output_dim': 32, 'n_training_epochs': 250}",250,1 / (1+epoch)**2,0.920035879055,0.745631067961,3330,0.601940338174,0.947905200881,0.834512022631,1000,0.65641659489,64,"{'pretrain_decay': '1 / (1+epoch)**2', 'dropout_probability': 0.5, 'layer_sizes': [64], 'fraction_negative': 0.2, 'activation': 'tanh', 'impute': True, 'embedding_output_dim': 32, 'n_training_epochs': 250}"
tanh,HLA-A0203,0.5,32,15.2851109505,0.2,True,[64],"{'pretrain_decay': '1 / (1+epoch)**2', 'dropout_probability': 0.5, 'layer_sizes': [64], 'fraction_negative': 0.2, 'activation': 'tanh', 'impute': True, 'embedding_output_dim': 32, 'n_training_epochs': 250}",250,1 / (1+epoch)**2,0.926861438302,0.773269689737,3329,0.604685907361,0.942332219726,0.812138728324,1000,0.670339504021,64,"{'pretrain_decay': '1 / (1+epoch)**2', 'dropout_probability': 0.5, 'layer_sizes': [64], 'fraction_negative': 0.2, 'activation': 'tanh', 'impute': True, 'embedding_output_dim': 32, 'n_training_epochs': 250}"
tanh,HLA-A0203,0.5,32,14.2784171104,0.2,False,[64],"{'pretrain_decay': '1 / (1+epoch)**2', 'dropout_probability': 0.5, 'layer_sizes': [64], 'fraction_negative': 0.2, 'activation': 'tanh', 'impute': False, 'embedding_output_dim': 32, 'n_training_epochs': 250}",250,1 / (1+epoch)**2,0.926161743082,0.764505119454,3329,0.603593506291,0.939159101641,0.80118694362,1000,0.662428279331,64,"{'pretrain_decay': '1 / (1+epoch)**2', 'dropout_probability': 0.5, 'layer_sizes': [64], 'fraction_negative': 0.2, 'activation': 'tanh', 'impute': False, 'embedding_output_dim': 32, 'n_training_epochs': 250}"
tanh,HLA-A0201,0.5,32,5.57056903839,0.2,True,[64],"{'pretrain_decay': '1 / (1+epoch)**2', 'dropout_probability': 0.5, 'layer_sizes': [64], 'fraction_negative': 0.2, 'activation': 'tanh', 'impute': True, 'embedding_output_dim': 32, 'n_training_epochs': 250}",250,1 / (1+epoch)**2,0.898765855302,0.695095095095,8698,0.519016841039,0.992072610294,0.946564885496,200,0.715617348496,64,"{'pretrain_decay': '1 / (1+epoch)**2', 'dropout_probability': 0.5, 'layer_sizes': [64], 'fraction_negative': 0.2, 'activation': 'tanh', 'impute': True, 'embedding_output_dim': 32, 'n_training_epochs': 250}"
tanh,HLA-A0201,0.5,32,3.51590800285,0.2,False,[64],"{'pretrain_decay': '1 / (1+epoch)**2', 'dropout_probability': 0.5, 'layer_sizes': [64], 'fraction_negative': 0.2, 'activation': 'tanh', 'impute': False, 'embedding_output_dim': 32, 'n_training_epochs': 250}",250,1 / (1+epoch)**2,0.90381279352,0.685643564356,8698,0.525730527981,0.991842830882,0.9375,200,0.702965099089,64,"{'pretrain_decay': '1 / (1+epoch)**2', 'dropout_probability': 0.5, 'layer_sizes': [64], 'fraction_negative': 0.2, 'activation': 'tanh', 'impute': False, 'embedding_output_dim': 32, 'n_training_epochs': 250}"
tanh,HLA-A0201,0.5,32,3.89981198311,0.2,False,[64],"{'pretrain_decay': '1 / (1+epoch)**2', 'dropout_probability': 0.5, 'layer_sizes': [64], 'fraction_negative': 0.2, 'activation': 'tanh', 'impute': False, 'embedding_output_dim': 32, 'n_training_epochs': 250}",250,1 / (1+epoch)**2,0.901569005291,0.670327349525,8696,0.519883271095,0.973468910706,0.854545454545,200,0.672695581563,64,"{'pretrain_decay': '1 / (1+epoch)**2', 'dropout_probability': 0.5, 'layer_sizes': [64], 'fraction_negative': 0.2, 'activation': 'tanh', 'impute': False, 'embedding_output_dim': 32, 'n_training_epochs': 250}"
tanh,HLA-A0201,0.5,32,4.79509806633,0.2,True,[64],"{'pretrain_decay': '1 / (1+epoch)**2', 'dropout_probability': 0.5, 'layer_sizes': [64], 'fraction_negative': 0.2, 'activation': 'tanh', 'impute': True, 'embedding_output_dim': 32, 'n_training_epochs': 250}",250,1 / (1+epoch)**2,0.903274665568,0.692744223754,8696,0.522248147772,0.976507713885,0.83185840708,200,0.675483850016,64,"{'pretrain_decay': '1 / (1+epoch)**2', 'dropout_probability': 0.5, 'layer_sizes': [64], 'fraction_negative': 0.2, 'activation': 'tanh', 'impute': True, 'embedding_output_dim': 32, 'n_training_epochs': 250}"
tanh,HLA-A0201,0.5,32,3.19304394722,0.2,False,[64],"{'pretrain_decay': '1 / (1+epoch)**2', 'dropout_probability': 0.5, 'layer_sizes': [64], 'fraction_negative': 0.2, 'activation': 'tanh', 'impute': False, 'embedding_output_dim': 32, 'n_training_epochs': 250}",250,1 / (1+epoch)**2,0.903493144055,0.723733862959,8586,0.521752298429,0.988461538462,0.928571428571,200,0.733371207475,64,"{'pretrain_decay': '1 / (1+epoch)**2', 'dropout_probability': 0.5, 'layer_sizes': [64], 'fraction_negative': 0.2, 'activation': 'tanh', 'impute': False, 'embedding_output_dim': 32, 'n_training_epochs': 250}"
tanh,HLA-A0201,0.5,32,4.51543784142,0.2,True,[64],"{'pretrain_decay': '1 / (1+epoch)**2', 'dropout_probability': 0.5, 'layer_sizes': [64], 'fraction_negative': 0.2, 'activation': 'tanh', 'impute': True, 'embedding_output_dim': 32, 'n_training_epochs': 250}",250,1 / (1+epoch)**2,0.910132026705,0.726180944756,8586,0.531740813751,0.990769230769,0.936170212766,200,0.739440628326,64,"{'pretrain_decay': '1 / (1+epoch)**2', 'dropout_probability': 0.5, 'layer_sizes': [64], 'fraction_negative': 0.2, 'activation': 'tanh', 'impute': True, 'embedding_output_dim': 32, 'n_training_epochs': 250}"
tanh,HLA-A0301,0.5,32,2.81526088715,0.2,True,[64],"{'pretrain_decay': '1 / (1+epoch)**2', 'dropout_probability': 0.5, 'layer_sizes': [64], 'fraction_negative': 0.2, 'activation': 'tanh', 'impute': True, 'embedding_output_dim': 32, 'n_training_epochs': 250}",250,1 / (1+epoch)**2,0.790323941893,0.0821581851625,6080,0.369872798301,1.0,0.857142857143,25,0.831482793787,64,"{'pretrain_decay': '1 / (1+epoch)**2', 'dropout_probability': 0.5, 'layer_sizes': [64], 'fraction_negative': 0.2, 'activation': 'tanh', 'impute': True, 'embedding_output_dim': 32, 'n_training_epochs': 250}"
tanh,HLA-A0301,0.5,32,1.72608613968,0.2,False,[64],"{'pretrain_decay': '1 / (1+epoch)**2', 'dropout_probability': 0.5, 'layer_sizes': [64], 'fraction_negative': 0.2, 'activation': 'tanh', 'impute': False, 'embedding_output_dim': 32, 'n_training_epochs': 250}",250,1 / (1+epoch)**2,0.746252958229,0.088915956151,6080,0.313125524033,1.0,1.0,25,0.824376103242,64,"{'pretrain_decay': '1 / (1+epoch)**2', 'dropout_probability': 0.5, 'layer_sizes': [64], 'fraction_negative': 0.2, 'activation': 'tanh', 'impute': False, 'embedding_output_dim': 32, 'n_training_epochs': 250}"
tanh,HLA-A0301,0.5,32,3.02950191498,0.2,True,[64],"{'pretrain_decay': '1 / (1+epoch)**2', 'dropout_probability': 0.5, 'layer_sizes': [64], 'fraction_negative': 0.2, 'activation': 'tanh', 'impute': True, 'embedding_output_dim': 32, 'n_training_epochs': 250}",250,1 / (1+epoch)**2,0.791030748797,0.139506915213,6081,0.361786800706,1.0,1.0,25,0.840168050417,64,"{'pretrain_decay': '1 / (1+epoch)**2', 'dropout_probability': 0.5, 'layer_sizes': [64], 'fraction_negative': 0.2, 'activation': 'tanh', 'impute': True, 'embedding_output_dim': 32, 'n_training_epochs': 250}"
tanh,HLA-A0301,0.5,32,1.40509104729,0.2,False,[64],"{'pretrain_decay': '1 / (1+epoch)**2', 'dropout_probability': 0.5, 'layer_sizes': [64], 'fraction_negative': 0.2, 'activation': 'tanh', 'impute': False, 'embedding_output_dim': 32, 'n_training_epochs': 250}",250,1 / (1+epoch)**2,0.765365443467,0.239130434783,6081,0.32407931467,1.0,1.0,25,0.707141442434,64,"{'pretrain_decay': '1 / (1+epoch)**2', 'dropout_probability': 0.5, 'layer_sizes': [64], 'fraction_negative': 0.2, 'activation': 'tanh', 'impute': False, 'embedding_output_dim': 32, 'n_training_epochs': 250}"
tanh,HLA-A0301,0.5,32,2.89678406715,0.2,True,[64],"{'pretrain_decay': '1 / (1+epoch)**2', 'dropout_probability': 0.5, 'layer_sizes': [64], 'fraction_negative': 0.2, 'activation': 'tanh', 'impute': True, 'embedding_output_dim': 32, 'n_training_epochs': 250}",250,1 / (1+epoch)**2,0.78113803302,0.113622480147,6042,0.343749565115,1.0,1.0,25,0.790483943458,64,"{'pretrain_decay': '1 / (1+epoch)**2', 'dropout_probability': 0.5, 'layer_sizes': [64], 'fraction_negative': 0.2, 'activation': 'tanh', 'impute': True, 'embedding_output_dim': 32, 'n_training_epochs': 250}"
tanh,HLA-A0301,0.5,32,1.59441709518,0.2,False,[64],"{'pretrain_decay': '1 / (1+epoch)**2', 'dropout_probability': 0.5, 'layer_sizes': [64], 'fraction_negative': 0.2, 'activation': 'tanh', 'impute': False, 'embedding_output_dim': 32, 'n_training_epochs': 250}",250,1 / (1+epoch)**2,0.718649245737,0.132775119617,6042,0.251325456945,1.0,1.0,25,0.774984258292,64,"{'pretrain_decay': '1 / (1+epoch)**2', 'dropout_probability': 0.5, 'layer_sizes': [64], 'fraction_negative': 0.2, 'activation': 'tanh', 'impute': False, 'embedding_output_dim': 32, 'n_training_epochs': 250}"
tanh,HLA-A0203,0.5,32,3.0854780674,0.2,False,[64],"{'pretrain_decay': '1 / (1+epoch)**2', 'dropout_probability': 0.5, 'layer_sizes': [64], 'fraction_negative': 0.2, 'activation': 'tanh', 'impute': False, 'embedding_output_dim': 32, 'n_training_epochs': 250}",250,1 / (1+epoch)**2,0.85932079131,0.612757058208,4991,0.501000608978,0.982857142857,0.873563218391,150,0.764491649096,64,"{'pretrain_decay': '1 / (1+epoch)**2', 'dropout_probability': 0.5, 'layer_sizes': [64], 'fraction_negative': 0.2, 'activation': 'tanh', 'impute': False, 'embedding_output_dim': 32, 'n_training_epochs': 250}"
tanh,HLA-A0203,0.5,32,4.63915777206,0.2,True,[64],"{'pretrain_decay': '1 / (1+epoch)**2', 'dropout_probability': 0.5, 'layer_sizes': [64], 'fraction_negative': 0.2, 'activation': 'tanh', 'impute': True, 'embedding_output_dim': 32, 'n_training_epochs': 250}",250,1 / (1+epoch)**2,0.854745025311,0.631084256462,4991,0.499615670127,0.983492063492,0.860465116279,150,0.769647180448,64,"{'pretrain_decay': '1 / (1+epoch)**2', 'dropout_probability': 0.5, 'layer_sizes': [64], 'fraction_negative': 0.2, 'activation': 'tanh', 'impute': True, 'embedding_output_dim': 32, 'n_training_epochs': 250}"
tanh,HLA-A0203,0.5,32,3.46921300888,0.2,False,[64],"{'pretrain_decay': '1 / (1+epoch)**2', 'dropout_probability': 0.5, 'layer_sizes': [64], 'fraction_negative': 0.2, 'activation': 'tanh', 'impute': False, 'embedding_output_dim': 32, 'n_training_epochs': 250}",250,1 / (1+epoch)**2,0.863239023298,0.68252516011,5028,0.516963526379,0.983790753362,0.933333333333,150,0.754336080261,64,"{'pretrain_decay': '1 / (1+epoch)**2', 'dropout_probability': 0.5, 'layer_sizes': [64], 'fraction_negative': 0.2, 'activation': 'tanh', 'impute': False, 'embedding_output_dim': 32, 'n_training_epochs': 250}"
tanh,HLA-A0203,0.5,32,4.42148804665,0.2,True,[64],"{'pretrain_decay': '1 / (1+epoch)**2', 'dropout_probability': 0.5, 'layer_sizes': [64], 'fraction_negative': 0.2, 'activation': 'tanh', 'impute': True, 'embedding_output_dim': 32, 'n_training_epochs': 250}",250,1 / (1+epoch)**2,0.86383241052,0.677349768875,5028,0.519210952046,0.980659421625,0.932203389831,150,0.771283357822,64,"{'pretrain_decay': '1 / (1+epoch)**2', 'dropout_probability': 0.5, 'layer_sizes': [64], 'fraction_negative': 0.2, 'activation': 'tanh', 'impute': True, 'embedding_output_dim': 32, 'n_training_epochs': 250}"
tanh,HLA-A0203,0.5,32,2.75701904297,0.2,False,[64],"{'pretrain_decay': '1 / (1+epoch)**2', 'dropout_probability': 0.5, 'layer_sizes': [64], 'fraction_negative': 0.2, 'activation': 'tanh', 'impute': False, 'embedding_output_dim': 32, 'n_training_epochs': 250}",250,1 / (1+epoch)**2,0.85449550621,0.620081411126,4952,0.494576782866,0.983245149912,0.894117647059,150,0.696031026858,64,"{'pretrain_decay': '1 / (1+epoch)**2', 'dropout_probability': 0.5, 'layer_sizes': [64], 'fraction_negative': 0.2, 'activation': 'tanh', 'impute': False, 'embedding_output_dim': 32, 'n_training_epochs': 250}"
tanh,HLA-A0203,0.5,32,4.0698158741,0.2,True,[64],"{'pretrain_decay': '1 / (1+epoch)**2', 'dropout_probability': 0.5, 'layer_sizes': [64], 'fraction_negative': 0.2, 'activation': 'tanh', 'impute': True, 'embedding_output_dim': 32, 'n_training_epochs': 250}",250,1 / (1+epoch)**2,0.857495739694,0.631824234354,4952,0.499774339164,0.988315696649,0.89156626506,150,0.701374481465,64,"{'pretrain_decay': '1 / (1+epoch)**2', 'dropout_probability': 0.5, 'layer_sizes': [64], 'fraction_negative': 0.2, 'activation': 'tanh', 'impute': True, 'embedding_output_dim': 32, 'n_training_epochs': 250}"
tanh,HLA-A0201,0.5,32,3.83043789864,0.2,True,[64],"{'pretrain_decay': '1 / (1+epoch)**2', 'dropout_probability': 0.5, 'layer_sizes': [64], 'fraction_negative': 0.2, 'activation': 'tanh', 'impute': True, 'embedding_output_dim': 32, 'n_training_epochs': 250}",250,1 / (1+epoch)**2,0.849744175048,0.54252071522,9143,0.456797260631,1.0,0.955223880597,100,0.740893548082,64,"{'pretrain_decay': '1 / (1+epoch)**2', 'dropout_probability': 0.5, 'layer_sizes': [64], 'fraction_negative': 0.2, 'activation': 'tanh', 'impute': True, 'embedding_output_dim': 32, 'n_training_epochs': 250}"
tanh,HLA-A0201,0.5,32,2.39543700218,0.2,False,[64],"{'pretrain_decay': '1 / (1+epoch)**2', 'dropout_probability': 0.5, 'layer_sizes': [64], 'fraction_negative': 0.2, 'activation': 'tanh', 'impute': False, 'embedding_output_dim': 32, 'n_training_epochs': 250}",250,1 / (1+epoch)**2,0.826040312688,0.510172828703,9143,0.421677367453,0.99956043956,0.939393939394,100,0.747957592007,64,"{'pretrain_decay': '1 / (1+epoch)**2', 'dropout_probability': 0.5, 'layer_sizes': [64], 'fraction_negative': 0.2, 'activation': 'tanh', 'impute': False, 'embedding_output_dim': 32, 'n_training_epochs': 250}"
tanh,HLA-A0201,0.5,32,3.92441916466,0.2,True,[64],"{'pretrain_decay': '1 / (1+epoch)**2', 'dropout_probability': 0.5, 'layer_sizes': [64], 'fraction_negative': 0.2, 'activation': 'tanh', 'impute': True, 'embedding_output_dim': 32, 'n_training_epochs': 250}",250,1 / (1+epoch)**2,0.889474259526,0.699393270822,9127,0.502053601602,0.990502035278,0.927536231884,100,0.76392968005,64,"{'pretrain_decay': '1 / (1+epoch)**2', 'dropout_probability': 0.5, 'layer_sizes': [64], 'fraction_negative': 0.2, 'activation': 'tanh', 'impute': True, 'embedding_output_dim': 32, 'n_training_epochs': 250}"
tanh,HLA-A0201,0.5,32,2.62752389908,0.2,False,[64],"{'pretrain_decay': '1 / (1+epoch)**2', 'dropout_probability': 0.5, 'layer_sizes': [64], 'fraction_negative': 0.2, 'activation': 'tanh', 'impute': False, 'embedding_output_dim': 32, 'n_training_epochs': 250}",250,1 / (1+epoch)**2,0.8804662348,0.660990712074,9127,0.487461460004,0.990502035278,0.925373134328,100,0.752114234332,64,"{'pretrain_decay': '1 / (1+epoch)**2', 'dropout_probability': 0.5, 'layer_sizes': [64], 'fraction_negative': 0.2, 'activation': 'tanh', 'impute': False, 'embedding_output_dim': 32, 'n_training_epochs': 250}"
tanh,HLA-A0201,0.5,32,2.56779789925,0.2,False,[64],"{'pretrain_decay': '1 / (1+epoch)**2', 'dropout_probability': 0.5, 'layer_sizes': [64], 'fraction_negative': 0.2, 'activation': 'tanh', 'impute': False, 'embedding_output_dim': 32, 'n_training_epochs': 250}",250,1 / (1+epoch)**2,0.863786161864,0.653727901614,9066,0.469098244396,0.995989304813,0.953846153846,100,0.760020235152,64,"{'pretrain_decay': '1 / (1+epoch)**2', 'dropout_probability': 0.5, 'layer_sizes': [64], 'fraction_negative': 0.2, 'activation': 'tanh', 'impute': False, 'embedding_output_dim': 32, 'n_training_epochs': 250}"
tanh,HLA-A0201,0.5,32,4.04463720322,0.2,True,[64],"{'pretrain_decay': '1 / (1+epoch)**2', 'dropout_probability': 0.5, 'layer_sizes': [64], 'fraction_negative': 0.2, 'activation': 'tanh', 'impute': True, 'embedding_output_dim': 32, 'n_training_epochs': 250}",250,1 / (1+epoch)**2,0.867015689513,0.653764273273,9066,0.474498605073,0.997326203209,0.953846153846,100,0.750147171204,64,"{'pretrain_decay': '1 / (1+epoch)**2', 'dropout_probability': 0.5, 'layer_sizes': [64], 'fraction_negative': 0.2, 'activation': 'tanh', 'impute': True, 'embedding_output_dim': 32, 'n_training_epochs': 250}"
tanh,HLA-A0201,0.5,32,2.70377612114,0.2,True,[64],"{'pretrain_decay': '1 / (1+epoch)**2', 'dropout_probability': 0.5, 'layer_sizes': [64], 'fraction_negative': 0.2, 'activation': 'tanh', 'impute': True, 'embedding_output_dim': 32, 'n_training_epochs': 250}",250,1 / (1+epoch)**2,0.800687180287,0.36109064112,9435,0.385867538366,1.0,1.0,25,0.910956534589,64,"{'pretrain_decay': '1 / (1+epoch)**2', 'dropout_probability': 0.5, 'layer_sizes': [64], 'fraction_negative': 0.2, 'activation': 'tanh', 'impute': True, 'embedding_output_dim': 32, 'n_training_epochs': 250}"
tanh,HLA-A0201,0.5,32,1.39786410332,0.2,False,[64],"{'pretrain_decay': '1 / (1+epoch)**2', 'dropout_probability': 0.5, 'layer_sizes': [64], 'fraction_negative': 0.2, 'activation': 'tanh', 'impute': False, 'embedding_output_dim': 32, 'n_training_epochs': 250}",250,1 / (1+epoch)**2,0.722116607405,0.271655561251,9435,0.281574337527,1.0,1.0,25,0.924402387498,64,"{'pretrain_decay': '1 / (1+epoch)**2', 'dropout_probability': 0.5, 'layer_sizes': [64], 'fraction_negative': 0.2, 'activation': 'tanh', 'impute': False, 'embedding_output_dim': 32, 'n_training_epochs': 250}"
tanh,HLA-A0201,0.5,32,1.39918613434,0.2,False,[64],"{'pretrain_decay': '1 / (1+epoch)**2', 'dropout_probability': 0.5, 'layer_sizes': [64], 'fraction_negative': 0.2, 'activation': 'tanh', 'impute': False, 'embedding_output_dim': 32, 'n_training_epochs': 250}",250,1 / (1+epoch)**2,0.754993214911,0.107346326837,9438,0.318935620049,1.0,1.0,25,0.836125077613,64,"{'pretrain_decay': '1 / (1+epoch)**2', 'dropout_probability': 0.5, 'layer_sizes': [64], 'fraction_negative': 0.2, 'activation': 'tanh', 'impute': False, 'embedding_output_dim': 32, 'n_training_epochs': 250}"
tanh,HLA-A0201,0.5,32,2.94591403008,0.2,True,[64],"{'pretrain_decay': '1 / (1+epoch)**2', 'dropout_probability': 0.5, 'layer_sizes': [64], 'fraction_negative': 0.2, 'activation': 'tanh', 'impute': True, 'embedding_output_dim': 32, 'n_training_epochs': 250}",250,1 / (1+epoch)**2,0.80433715828,0.13115727003,9438,0.390378930878,1.0,1.0,25,0.88294808196,64,"{'pretrain_decay': '1 / (1+epoch)**2', 'dropout_probability': 0.5, 'layer_sizes': [64], 'fraction_negative': 0.2, 'activation': 'tanh', 'impute': True, 'embedding_output_dim': 32, 'n_training_epochs': 250}"
tanh,HLA-A0201,0.5,32,2.90320110321,0.2,True,[64],"{'pretrain_decay': '1 / (1+epoch)**2', 'dropout_probability': 0.5, 'layer_sizes': [64], 'fraction_negative': 0.2, 'activation': 'tanh', 'impute': True, 'embedding_output_dim': 32, 'n_training_epochs': 250}",250,1 / (1+epoch)**2,0.824301838197,0.360491351216,9427,0.406511012916,1.0,1.0,25,0.785889494818,64,"{'pretrain_decay': '1 / (1+epoch)**2', 'dropout_probability': 0.5, 'layer_sizes': [64], 'fraction_negative': 0.2, 'activation': 'tanh', 'impute': True, 'embedding_output_dim': 32, 'n_training_epochs': 250}"
tanh,HLA-A0201,0.5,32,1.40153408051,0.2,False,[64],"{'pretrain_decay': '1 / (1+epoch)**2', 'dropout_probability': 0.5, 'layer_sizes': [64], 'fraction_negative': 0.2, 'activation': 'tanh', 'impute': False, 'embedding_output_dim': 32, 'n_training_epochs': 250}",250,1 / (1+epoch)**2,0.764050899645,0.298305084746,9427,0.325949088014,1.0,1.0,25,0.745414499377,64,"{'pretrain_decay': '1 / (1+epoch)**2', 'dropout_probability': 0.5, 'layer_sizes': [64], 'fraction_negative': 0.2, 'activation': 'tanh', 'impute': False, 'embedding_output_dim': 32, 'n_training_epochs': 250}"
tanh,HLA-A0201,0.5,32,8.91685581207,0.2,True,[64],"{'pretrain_decay': '1 / (1+epoch)**2', 'dropout_probability': 0.5, 'layer_sizes': [64], 'fraction_negative': 0.2, 'activation': 'tanh', 'impute': True, 'embedding_output_dim': 32, 'n_training_epochs': 250}",250,1 / (1+epoch)**2,0.932979204331,0.771518702118,7592,0.568105484892,0.972919026811,0.871165644172,500,0.65616308114,64,"{'pretrain_decay': '1 / (1+epoch)**2', 'dropout_probability': 0.5, 'layer_sizes': [64], 'fraction_negative': 0.2, 'activation': 'tanh', 'impute': True, 'embedding_output_dim': 32, 'n_training_epochs': 250}"
tanh,HLA-A0201,0.5,32,7.77256298065,0.2,False,[64],"{'pretrain_decay': '1 / (1+epoch)**2', 'dropout_probability': 0.5, 'layer_sizes': [64], 'fraction_negative': 0.2, 'activation': 'tanh', 'impute': False, 'embedding_output_dim': 32, 'n_training_epochs': 250}",250,1 / (1+epoch)**2,0.932702356577,0.777234326367,7592,0.568059632128,0.971048893205,0.870090634441,500,0.653410234104,64,"{'pretrain_decay': '1 / (1+epoch)**2', 'dropout_probability': 0.5, 'layer_sizes': [64], 'fraction_negative': 0.2, 'activation': 'tanh', 'impute': False, 'embedding_output_dim': 32, 'n_training_epochs': 250}"
tanh,HLA-A0201,0.5,32,6.80108690262,0.2,False,[64],"{'pretrain_decay': '1 / (1+epoch)**2', 'dropout_probability': 0.5, 'layer_sizes': [64], 'fraction_negative': 0.2, 'activation': 'tanh', 'impute': False, 'embedding_output_dim': 32, 'n_training_epochs': 250}",250,1 / (1+epoch)**2,0.931075241793,0.748572733501,7735,0.563947199424,0.974101043465,0.867796610169,500,0.654107486573,64,"{'pretrain_decay': '1 / (1+epoch)**2', 'dropout_probability': 0.5, 'layer_sizes': [64], 'fraction_negative': 0.2, 'activation': 'tanh', 'impute': False, 'embedding_output_dim': 32, 'n_training_epochs': 250}"
tanh,HLA-A0201,0.5,32,8.49789810181,0.2,True,[64],"{'pretrain_decay': '1 / (1+epoch)**2', 'dropout_probability': 0.5, 'layer_sizes': [64], 'fraction_negative': 0.2, 'activation': 'tanh', 'impute': True, 'embedding_output_dim': 32, 'n_training_epochs': 250}",250,1 / (1+epoch)**2,0.929136851165,0.758035714286,7735,0.56183982101,0.975208317694,0.876254180602,500,0.6636003289,64,"{'pretrain_decay': '1 / (1+epoch)**2', 'dropout_probability': 0.5, 'layer_sizes': [64], 'fraction_negative': 0.2, 'activation': 'tanh', 'impute': True, 'embedding_output_dim': 32, 'n_training_epochs': 250}"
tanh,HLA-A0201,0.5,32,7.24122190475,0.2,False,[64],"{'pretrain_decay': '1 / (1+epoch)**2', 'dropout_probability': 0.5, 'layer_sizes': [64], 'fraction_negative': 0.2, 'activation': 'tanh', 'impute': False, 'embedding_output_dim': 32, 'n_training_epochs': 250}",250,1 / (1+epoch)**2,0.925531226746,0.755412252418,7555,0.553832336403,0.967889414802,0.875,500,0.650345936499,64,"{'pretrain_decay': '1 / (1+epoch)**2', 'dropout_probability': 0.5, 'layer_sizes': [64], 'fraction_negative': 0.2, 'activation': 'tanh', 'impute': False, 'embedding_output_dim': 32, 'n_training_epochs': 250}"
tanh,HLA-A0201,0.5,32,8.72055006027,0.2,True,[64],"{'pretrain_decay': '1 / (1+epoch)**2', 'dropout_probability': 0.5, 'layer_sizes': [64], 'fraction_negative': 0.2, 'activation': 'tanh', 'impute': True, 'embedding_output_dim': 32, 'n_training_epochs': 250}",250,1 / (1+epoch)**2,0.925084680092,0.755012675732,7555,0.554277817877,0.967853557085,0.872274143302,500,0.653227427187,64,"{'pretrain_decay': '1 / (1+epoch)**2', 'dropout_probability': 0.5, 'layer_sizes': [64], 'fraction_negative': 0.2, 'activation': 'tanh', 'impute': True, 'embedding_output_dim': 32, 'n_training_epochs': 250}"
tanh,HLA-A0203,0.5,32,1.61146092415,0.2,False,[64],"{'pretrain_decay': '1 / (1+epoch)**2', 'dropout_probability': 0.5, 'layer_sizes': [64], 'fraction_negative': 0.2, 'activation': 'tanh', 'impute': False, 'embedding_output_dim': 32, 'n_training_epochs': 250}",250,1 / (1+epoch)**2,0.702169752528,0.366503942922,5410,0.267861254412,1.0,0.947368421053,25,0.935727634997,64,"{'pretrain_decay': '1 / (1+epoch)**2', 'dropout_probability': 0.5, 'layer_sizes': [64], 'fraction_negative': 0.2, 'activation': 'tanh', 'impute': False, 'embedding_output_dim': 32, 'n_training_epochs': 250}"
tanh,HLA-A0203,0.5,32,2.72048997879,0.2,True,[64],"{'pretrain_decay': '1 / (1+epoch)**2', 'dropout_probability': 0.5, 'layer_sizes': [64], 'fraction_negative': 0.2, 'activation': 'tanh', 'impute': True, 'embedding_output_dim': 32, 'n_training_epochs': 250}",250,1 / (1+epoch)**2,0.756985926836,0.438972915934,5410,0.344663635215,1.0,1.0,25,0.935727634997,64,"{'pretrain_decay': '1 / (1+epoch)**2', 'dropout_probability': 0.5, 'layer_sizes': [64], 'fraction_negative': 0.2, 'activation': 'tanh', 'impute': True, 'embedding_output_dim': 32, 'n_training_epochs': 250}"
tanh,HLA-A0203,0.5,32,2.66490101814,0.2,True,[64],"{'pretrain_decay': '1 / (1+epoch)**2', 'dropout_probability': 0.5, 'layer_sizes': [64], 'fraction_negative': 0.2, 'activation': 'tanh', 'impute': True, 'embedding_output_dim': 32, 'n_training_epochs': 250}",250,1 / (1+epoch)**2,0.769886584048,0.342789598109,5441,0.351920495575,1.0,0.941176470588,25,0.878921454953,64,"{'pretrain_decay': '1 / (1+epoch)**2', 'dropout_probability': 0.5, 'layer_sizes': [64], 'fraction_negative': 0.2, 'activation': 'tanh', 'impute': True, 'embedding_output_dim': 32, 'n_training_epochs': 250}"
tanh,HLA-A0203,0.5,32,1.63175320625,0.2,False,[64],"{'pretrain_decay': '1 / (1+epoch)**2', 'dropout_probability': 0.5, 'layer_sizes': [64], 'fraction_negative': 0.2, 'activation': 'tanh', 'impute': False, 'embedding_output_dim': 32, 'n_training_epochs': 250}",250,1 / (1+epoch)**2,0.672849168628,0.251143451143,5441,0.218716620481,1.0,0.941176470588,25,0.885761310634,64,"{'pretrain_decay': '1 / (1+epoch)**2', 'dropout_probability': 0.5, 'layer_sizes': [64], 'fraction_negative': 0.2, 'activation': 'tanh', 'impute': False, 'embedding_output_dim': 32, 'n_training_epochs': 250}"
tanh,HLA-A0203,0.5,32,1.4780330658,0.2,False,[64],"{'pretrain_decay': '1 / (1+epoch)**2', 'dropout_probability': 0.5, 'layer_sizes': [64], 'fraction_negative': 0.2, 'activation': 'tanh', 'impute': False, 'embedding_output_dim': 32, 'n_training_epochs': 250}",250,1 / (1+epoch)**2,0.693423639626,0.147086031452,5432,0.265563119828,0.993506493506,0.9,25,0.890745322776,64,"{'pretrain_decay': '1 / (1+epoch)**2', 'dropout_probability': 0.5, 'layer_sizes': [64], 'fraction_negative': 0.2, 'activation': 'tanh', 'impute': False, 'embedding_output_dim': 32, 'n_training_epochs': 250}"
tanh,HLA-A0203,0.5,32,2.72438001633,0.2,True,[64],"{'pretrain_decay': '1 / (1+epoch)**2', 'dropout_probability': 0.5, 'layer_sizes': [64], 'fraction_negative': 0.2, 'activation': 'tanh', 'impute': True, 'embedding_output_dim': 32, 'n_training_epochs': 250}",250,1 / (1+epoch)**2,0.772424356109,0.27094017094,5432,0.368708775873,1.0,0.9,25,0.925004758267,64,"{'pretrain_decay': '1 / (1+epoch)**2', 'dropout_probability': 0.5, 'layer_sizes': [64], 'fraction_negative': 0.2, 'activation': 'tanh', 'impute': True, 'embedding_output_dim': 32, 'n_training_epochs': 250}"
tanh,HLA-A0203,0.5,32,11.5458331108,0.2,False,[64],"{'pretrain_decay': '1 / (1+epoch)**2', 'dropout_probability': 0.5, 'layer_sizes': [64], 'fraction_negative': 0.2, 'activation': 'tanh', 'impute': False, 'embedding_output_dim': 32, 'n_training_epochs': 250}",250,1 / (1+epoch)**2,0.909445039776,0.747333578522,4113,0.586558974453,0.967107027298,0.852664576803,500,0.687044226711,64,"{'pretrain_decay': '1 / (1+epoch)**2', 'dropout_probability': 0.5, 'layer_sizes': [64], 'fraction_negative': 0.2, 'activation': 'tanh', 'impute': False, 'embedding_output_dim': 32, 'n_training_epochs': 250}"
tanh,HLA-A0203,0.5,32,15.196254015,0.2,True,[64],"{'pretrain_decay': '1 / (1+epoch)**2', 'dropout_probability': 0.5, 'layer_sizes': [64], 'fraction_negative': 0.2, 'activation': 'tanh', 'impute': True, 'embedding_output_dim': 32, 'n_training_epochs': 250}",250,1 / (1+epoch)**2,0.908748736188,0.741258741259,4113,0.584751314036,0.968340513774,0.8625,500,0.694486149366,64,"{'pretrain_decay': '1 / (1+epoch)**2', 'dropout_probability': 0.5, 'layer_sizes': [64], 'fraction_negative': 0.2, 'activation': 'tanh', 'impute': True, 'embedding_output_dim': 32, 'n_training_epochs': 250}"
tanh,HLA-A0203,0.5,32,13.2068469524,0.2,True,[64],"{'pretrain_decay': '1 / (1+epoch)**2', 'dropout_probability': 0.5, 'layer_sizes': [64], 'fraction_negative': 0.2, 'activation': 'tanh', 'impute': True, 'embedding_output_dim': 32, 'n_training_epochs': 250}",250,1 / (1+epoch)**2,0.910828007878,0.739162929746,4191,0.592154240286,0.953123872736,0.850793650794,500,0.667967861844,64,"{'pretrain_decay': '1 / (1+epoch)**2', 'dropout_probability': 0.5, 'layer_sizes': [64], 'fraction_negative': 0.2, 'activation': 'tanh', 'impute': True, 'embedding_output_dim': 32, 'n_training_epochs': 250}"
tanh,HLA-A0203,0.5,32,12.0701668262,0.2,False,[64],"{'pretrain_decay': '1 / (1+epoch)**2', 'dropout_probability': 0.5, 'layer_sizes': [64], 'fraction_negative': 0.2, 'activation': 'tanh', 'impute': False, 'embedding_output_dim': 32, 'n_training_epochs': 250}",250,1 / (1+epoch)**2,0.910039739957,0.733903982136,4191,0.591573846717,0.950779164562,0.8375,500,0.661226498087,64,"{'pretrain_decay': '1 / (1+epoch)**2', 'dropout_probability': 0.5, 'layer_sizes': [64], 'fraction_negative': 0.2, 'activation': 'tanh', 'impute': False, 'embedding_output_dim': 32, 'n_training_epochs': 250}"
tanh,HLA-A0203,0.5,32,14.6330430508,0.2,True,[64],"{'pretrain_decay': '1 / (1+epoch)**2', 'dropout_probability': 0.5, 'layer_sizes': [64], 'fraction_negative': 0.2, 'activation': 'tanh', 'impute': True, 'embedding_output_dim': 32, 'n_training_epochs': 250}",250,1 / (1+epoch)**2,0.91311949825,0.740108611327,4196,0.591523328197,0.955579593831,0.838150289017,500,0.680784327681,64,"{'pretrain_decay': '1 / (1+epoch)**2', 'dropout_probability': 0.5, 'layer_sizes': [64], 'fraction_negative': 0.2, 'activation': 'tanh', 'impute': True, 'embedding_output_dim': 32, 'n_training_epochs': 250}"
tanh,HLA-A0203,0.5,32,10.640789032,0.2,False,[64],"{'pretrain_decay': '1 / (1+epoch)**2', 'dropout_probability': 0.5, 'layer_sizes': [64], 'fraction_negative': 0.2, 'activation': 'tanh', 'impute': False, 'embedding_output_dim': 32, 'n_training_epochs': 250}",250,1 / (1+epoch)**2,0.913415145047,0.745398773006,4196,0.591400056013,0.953503384744,0.829971181556,500,0.677445488611,64,"{'pretrain_decay': '1 / (1+epoch)**2', 'dropout_probability': 0.5, 'layer_sizes': [64], 'fraction_negative': 0.2, 'activation': 'tanh', 'impute': False, 'embedding_output_dim': 32, 'n_training_epochs': 250}"
tanh,HLA-A0301,0.5,32,9.52977895737,0.2,True,[64],"{'pretrain_decay': '1 / (1+epoch)**2', 'dropout_probability': 0.5, 'layer_sizes': [64], 'fraction_negative': 0.2, 'activation': 'tanh', 'impute': True, 'embedding_output_dim': 32, 'n_training_epochs': 250}",250,1 / (1+epoch)**2,0.889211440053,0.590513068732,4922,0.491353136042,0.956204972095,0.804979253112,500,0.618166649674,64,"{'pretrain_decay': '1 / (1+epoch)**2', 'dropout_probability': 0.5, 'layer_sizes': [64], 'fraction_negative': 0.2, 'activation': 'tanh', 'impute': True, 'embedding_output_dim': 32, 'n_training_epochs': 250}"
tanh,HLA-A0301,0.5,32,6.31853508949,0.2,False,[64],"{'pretrain_decay': '1 / (1+epoch)**2', 'dropout_probability': 0.5, 'layer_sizes': [64], 'fraction_negative': 0.2, 'activation': 'tanh', 'impute': False, 'embedding_output_dim': 32, 'n_training_epochs': 250}",250,1 / (1+epoch)**2,0.891453522713,0.615384615385,4922,0.493938263269,0.953242009132,0.804780876494,500,0.610465492083,64,"{'pretrain_decay': '1 / (1+epoch)**2', 'dropout_probability': 0.5, 'layer_sizes': [64], 'fraction_negative': 0.2, 'activation': 'tanh', 'impute': False, 'embedding_output_dim': 32, 'n_training_epochs': 250}"
tanh,HLA-A0301,0.5,32,7.17144298553,0.2,False,[64],"{'pretrain_decay': '1 / (1+epoch)**2', 'dropout_probability': 0.5, 'layer_sizes': [64], 'fraction_negative': 0.2, 'activation': 'tanh', 'impute': False, 'embedding_output_dim': 32, 'n_training_epochs': 250}",250,1 / (1+epoch)**2,0.887305653809,0.572884811417,4883,0.491773851899,0.956006987126,0.762790697674,500,0.584362579238,64,"{'pretrain_decay': '1 / (1+epoch)**2', 'dropout_probability': 0.5, 'layer_sizes': [64], 'fraction_negative': 0.2, 'activation': 'tanh', 'impute': False, 'embedding_output_dim': 32, 'n_training_epochs': 250}"
tanh,HLA-A0301,0.5,32,8.71088695526,0.2,True,[64],"{'pretrain_decay': '1 / (1+epoch)**2', 'dropout_probability': 0.5, 'layer_sizes': [64], 'fraction_negative': 0.2, 'activation': 'tanh', 'impute': True, 'embedding_output_dim': 32, 'n_training_epochs': 250}",250,1 / (1+epoch)**2,0.88819183004,0.598477640343,4883,0.493040117704,0.957947855341,0.783783783784,500,0.594139130381,64,"{'pretrain_decay': '1 / (1+epoch)**2', 'dropout_probability': 0.5, 'layer_sizes': [64], 'fraction_negative': 0.2, 'activation': 'tanh', 'impute': True, 'embedding_output_dim': 32, 'n_training_epochs': 250}"
tanh,HLA-A0301,0.5,32,7.06772899628,0.2,False,[64],"{'pretrain_decay': '1 / (1+epoch)**2', 'dropout_probability': 0.5, 'layer_sizes': [64], 'fraction_negative': 0.2, 'activation': 'tanh', 'impute': False, 'embedding_output_dim': 32, 'n_training_epochs': 250}",250,1 / (1+epoch)**2,0.892322206511,0.576980568012,4917,0.498698080982,0.957152305367,0.718232044199,500,0.584744340612,64,"{'pretrain_decay': '1 / (1+epoch)**2', 'dropout_probability': 0.5, 'layer_sizes': [64], 'fraction_negative': 0.2, 'activation': 'tanh', 'impute': False, 'embedding_output_dim': 32, 'n_training_epochs': 250}"
tanh,HLA-A0301,0.5,32,8.55309200287,0.2,True,[64],"{'pretrain_decay': '1 / (1+epoch)**2', 'dropout_probability': 0.5, 'layer_sizes': [64], 'fraction_negative': 0.2, 'activation': 'tanh', 'impute': True, 'embedding_output_dim': 32, 'n_training_epochs': 250}",250,1 / (1+epoch)**2,0.891293677305,0.578790882061,4917,0.49693351273,0.961734693878,0.728260869565,500,0.593610056272,64,"{'pretrain_decay': '1 / (1+epoch)**2', 'dropout_probability': 0.5, 'layer_sizes': [64], 'fraction_negative': 0.2, 'activation': 'tanh', 'impute': True, 'embedding_output_dim': 32, 'n_training_epochs': 250}"
tanh,HLA-A0301,0.5,32,4.64381694794,0.2,True,[64],"{'pretrain_decay': '1 / (1+epoch)**2', 'dropout_probability': 0.5, 'layer_sizes': [64], 'fraction_negative': 0.2, 'activation': 'tanh', 'impute': True, 'embedding_output_dim': 32, 'n_training_epochs': 250}",250,1 / (1+epoch)**2,0.850966891338,0.470588235294,5734,0.444500315074,0.981822530495,0.852941176471,150,0.706983396477,64,"{'pretrain_decay': '1 / (1+epoch)**2', 'dropout_probability': 0.5, 'layer_sizes': [64], 'fraction_negative': 0.2, 'activation': 'tanh', 'impute': True, 'embedding_output_dim': 32, 'n_training_epochs': 250}"
tanh,HLA-A0301,0.5,32,3.12293195724,0.2,False,[64],"{'pretrain_decay': '1 / (1+epoch)**2', 'dropout_probability': 0.5, 'layer_sizes': [64], 'fraction_negative': 0.2, 'activation': 'tanh', 'impute': False, 'embedding_output_dim': 32, 'n_training_epochs': 250}",250,1 / (1+epoch)**2,0.84961753349,0.4,5734,0.438426994833,0.972255441282,0.741935483871,150,0.697559464239,64,"{'pretrain_decay': '1 / (1+epoch)**2', 'dropout_probability': 0.5, 'layer_sizes': [64], 'fraction_negative': 0.2, 'activation': 'tanh', 'impute': False, 'embedding_output_dim': 32, 'n_training_epochs': 250}"
tanh,HLA-A0301,0.5,32,3.94682192802,0.2,True,[64],"{'pretrain_decay': '1 / (1+epoch)**2', 'dropout_probability': 0.5, 'layer_sizes': [64], 'fraction_negative': 0.2, 'activation': 'tanh', 'impute': True, 'embedding_output_dim': 32, 'n_training_epochs': 250}",250,1 / (1+epoch)**2,0.860565130764,0.536878216123,5756,0.453055755132,0.990740740741,0.848484848485,150,0.741750445545,64,"{'pretrain_decay': '1 / (1+epoch)**2', 'dropout_probability': 0.5, 'layer_sizes': [64], 'fraction_negative': 0.2, 'activation': 'tanh', 'impute': True, 'embedding_output_dim': 32, 'n_training_epochs': 250}"
tanh,HLA-A0301,0.5,32,2.69685220718,0.2,False,[64],"{'pretrain_decay': '1 / (1+epoch)**2', 'dropout_probability': 0.5, 'layer_sizes': [64], 'fraction_negative': 0.2, 'activation': 'tanh', 'impute': False, 'embedding_output_dim': 32, 'n_training_epochs': 250}",250,1 / (1+epoch)**2,0.859998516971,0.508489722967,5756,0.450403027529,0.988791423002,0.825396825397,150,0.722187796431,64,"{'pretrain_decay': '1 / (1+epoch)**2', 'dropout_probability': 0.5, 'layer_sizes': [64], 'fraction_negative': 0.2, 'activation': 'tanh', 'impute': False, 'embedding_output_dim': 32, 'n_training_epochs': 250}"
tanh,HLA-A0301,0.5,32,3.36706900597,0.2,False,[64],"{'pretrain_decay': '1 / (1+epoch)**2', 'dropout_probability': 0.5, 'layer_sizes': [64], 'fraction_negative': 0.2, 'activation': 'tanh', 'impute': False, 'embedding_output_dim': 32, 'n_training_epochs': 250}",250,1 / (1+epoch)**2,0.857795961706,0.518518518519,5773,0.442791499478,0.966861598441,0.861538461538,150,0.650353518654,64,"{'pretrain_decay': '1 / (1+epoch)**2', 'dropout_probability': 0.5, 'layer_sizes': [64], 'fraction_negative': 0.2, 'activation': 'tanh', 'impute': False, 'embedding_output_dim': 32, 'n_training_epochs': 250}"
tanh,HLA-A0301,0.5,32,4.65611386299,0.2,True,[64],"{'pretrain_decay': '1 / (1+epoch)**2', 'dropout_probability': 0.5, 'layer_sizes': [64], 'fraction_negative': 0.2, 'activation': 'tanh', 'impute': True, 'embedding_output_dim': 32, 'n_training_epochs': 250}",250,1 / (1+epoch)**2,0.865680061418,0.53691848058,5773,0.454626607135,0.966130604288,0.861538461538,150,0.655659433142,64,"{'pretrain_decay': '1 / (1+epoch)**2', 'dropout_probability': 0.5, 'layer_sizes': [64], 'fraction_negative': 0.2, 'activation': 'tanh', 'impute': True, 'embedding_output_dim': 32, 'n_training_epochs': 250}"
tanh,HLA-A0201,0.5,32,3.13526415825,0.2,True,[64],"{'pretrain_decay': '1 / (1+epoch)**2', 'dropout_probability': 0.5, 'layer_sizes': [64], 'fraction_negative': 0.2, 'activation': 'tanh', 'impute': True, 'embedding_output_dim': 32, 'n_training_epochs': 250}",250,1 / (1+epoch)**2,0.82080582837,0.435689455388,9380,0.399504765334,1.0,0.782608695652,50,0.753581296213,64,"{'pretrain_decay': '1 / (1+epoch)**2', 'dropout_probability': 0.5, 'layer_sizes': [64], 'fraction_negative': 0.2, 'activation': 'tanh', 'impute': True, 'embedding_output_dim': 32, 'n_training_epochs': 250}"
tanh,HLA-A0201,0.5,32,1.99129390717,0.2,False,[64],"{'pretrain_decay': '1 / (1+epoch)**2', 'dropout_probability': 0.5, 'layer_sizes': [64], 'fraction_negative': 0.2, 'activation': 'tanh', 'impute': False, 'embedding_output_dim': 32, 'n_training_epochs': 250}",250,1 / (1+epoch)**2,0.791010413161,0.375571050733,9380,0.358300101234,1.0,0.782608695652,50,0.743654868601,64,"{'pretrain_decay': '1 / (1+epoch)**2', 'dropout_probability': 0.5, 'layer_sizes': [64], 'fraction_negative': 0.2, 'activation': 'tanh', 'impute': False, 'embedding_output_dim': 32, 'n_training_epochs': 250}"
tanh,HLA-A0201,0.5,32,1.79532003403,0.2,False,[64],"{'pretrain_decay': '1 / (1+epoch)**2', 'dropout_probability': 0.5, 'layer_sizes': [64], 'fraction_negative': 0.2, 'activation': 'tanh', 'impute': False, 'embedding_output_dim': 32, 'n_training_epochs': 250}",250,1 / (1+epoch)**2,0.841414234686,0.574745417515,9323,0.429588068904,1.0,0.974358974359,50,0.883065498332,64,"{'pretrain_decay': '1 / (1+epoch)**2', 'dropout_probability': 0.5, 'layer_sizes': [64], 'fraction_negative': 0.2, 'activation': 'tanh', 'impute': False, 'embedding_output_dim': 32, 'n_training_epochs': 250}"
tanh,HLA-A0201,0.5,32,3.40059399605,0.2,True,[64],"{'pretrain_decay': '1 / (1+epoch)**2', 'dropout_probability': 0.5, 'layer_sizes': [64], 'fraction_negative': 0.2, 'activation': 'tanh', 'impute': True, 'embedding_output_dim': 32, 'n_training_epochs': 250}",250,1 / (1+epoch)**2,0.856232518313,0.592457420925,9323,0.455085180686,1.0,0.974358974359,50,0.89291381244,64,"{'pretrain_decay': '1 / (1+epoch)**2', 'dropout_probability': 0.5, 'layer_sizes': [64], 'fraction_negative': 0.2, 'activation': 'tanh', 'impute': True, 'embedding_output_dim': 32, 'n_training_epochs': 250}"
tanh,HLA-A0201,0.5,32,3.50025200844,0.2,True,[64],"{'pretrain_decay': '1 / (1+epoch)**2', 'dropout_probability': 0.5, 'layer_sizes': [64], 'fraction_negative': 0.2, 'activation': 'tanh', 'impute': True, 'embedding_output_dim': 32, 'n_training_epochs': 250}",250,1 / (1+epoch)**2,0.875707572297,0.696170212766,9354,0.480624431603,1.0,0.977777777778,50,0.801249003539,64,"{'pretrain_decay': '1 / (1+epoch)**2', 'dropout_probability': 0.5, 'layer_sizes': [64], 'fraction_negative': 0.2, 'activation': 'tanh', 'impute': True, 'embedding_output_dim': 32, 'n_training_epochs': 250}"
tanh,HLA-A0201,0.5,32,1.74882102013,0.2,False,[64],"{'pretrain_decay': '1 / (1+epoch)**2', 'dropout_probability': 0.5, 'layer_sizes': [64], 'fraction_negative': 0.2, 'activation': 'tanh', 'impute': False, 'embedding_output_dim': 32, 'n_training_epochs': 250}",250,1 / (1+epoch)**2,0.847186261983,0.595137012736,9354,0.435878621854,0.996779388084,0.85,50,0.786334337496,64,"{'pretrain_decay': '1 / (1+epoch)**2', 'dropout_probability': 0.5, 'layer_sizes': [64], 'fraction_negative': 0.2, 'activation': 'tanh', 'impute': False, 'embedding_output_dim': 32, 'n_training_epochs': 250}"
tanh,HLA-A0301,0.5,32,2.58083581924,0.2,True,[64],"{'pretrain_decay': '1 / (1+epoch)**2', 'dropout_probability': 0.5, 'layer_sizes': [64], 'fraction_negative': 0.2, 'activation': 'tanh', 'impute': True, 'embedding_output_dim': 32, 'n_training_epochs': 250}",250,1 / (1+epoch)**2,0.727713411369,0.00131147540984,6107,0.280694871522,1.0,1.0,10,0.988826464946,64,"{'pretrain_decay': '1 / (1+epoch)**2', 'dropout_probability': 0.5, 'layer_sizes': [64], 'fraction_negative': 0.2, 'activation': 'tanh', 'impute': True, 'embedding_output_dim': 32, 'n_training_epochs': 250}"
tanh,HLA-A0301,0.5,32,1.53984808922,0.2,False,[64],"{'pretrain_decay': '1 / (1+epoch)**2', 'dropout_probability': 0.5, 'layer_sizes': [64], 'fraction_negative': 0.2, 'activation': 'tanh', 'impute': False, 'embedding_output_dim': 32, 'n_training_epochs': 250}",250,1 / (1+epoch)**2,0.691784098257,0.00391644908616,6107,0.220778761924,1.0,1.0,10,0.988826464946,64,"{'pretrain_decay': '1 / (1+epoch)**2', 'dropout_probability': 0.5, 'layer_sizes': [64], 'fraction_negative': 0.2, 'activation': 'tanh', 'impute': False, 'embedding_output_dim': 32, 'n_training_epochs': 250}"
tanh,HLA-A0301,0.5,32,1.28540086746,0.2,False,[64],"{'pretrain_decay': '1 / (1+epoch)**2', 'dropout_probability': 0.5, 'layer_sizes': [64], 'fraction_negative': 0.2, 'activation': 'tanh', 'impute': False, 'embedding_output_dim': 32, 'n_training_epochs': 250}",250,1 / (1+epoch)**2,0.641721701736,0.00520494469746,6122,0.183291255403,1.0,1.0,10,0.883208344649,64,"{'pretrain_decay': '1 / (1+epoch)**2', 'dropout_probability': 0.5, 'layer_sizes': [64], 'fraction_negative': 0.2, 'activation': 'tanh', 'impute': False, 'embedding_output_dim': 32, 'n_training_epochs': 250}"
tanh,HLA-A0301,0.5,32,2.58987617493,0.2,True,[64],"{'pretrain_decay': '1 / (1+epoch)**2', 'dropout_probability': 0.5, 'layer_sizes': [64], 'fraction_negative': 0.2, 'activation': 'tanh', 'impute': True, 'embedding_output_dim': 32, 'n_training_epochs': 250}",250,1 / (1+epoch)**2,0.613289618139,0.00260586319218,6122,0.133745133788,1.0,1.0,10,0.930949336251,64,"{'pretrain_decay': '1 / (1+epoch)**2', 'dropout_probability': 0.5, 'layer_sizes': [64], 'fraction_negative': 0.2, 'activation': 'tanh', 'impute': True, 'embedding_output_dim': 32, 'n_training_epochs': 250}"
tanh,HLA-A0301,0.5,32,1.53116798401,0.2,False,[64],"{'pretrain_decay': '1 / (1+epoch)**2', 'dropout_probability': 0.5, 'layer_sizes': [64], 'fraction_negative': 0.2, 'activation': 'tanh', 'impute': False, 'embedding_output_dim': 32, 'n_training_epochs': 250}",250,1 / (1+epoch)**2,0.646589357388,0.00262295081967,6097,0.18273356794,1.0,1.0,10,0.954521404218,64,"{'pretrain_decay': '1 / (1+epoch)**2', 'dropout_probability': 0.5, 'layer_sizes': [64], 'fraction_negative': 0.2, 'activation': 'tanh', 'impute': False, 'embedding_output_dim': 32, 'n_training_epochs': 250}"
tanh,HLA-A0301,0.5,32,2.82741212845,0.2,True,[64],"{'pretrain_decay': '1 / (1+epoch)**2', 'dropout_probability': 0.5, 'layer_sizes': [64], 'fraction_negative': 0.2, 'activation': 'tanh', 'impute': True, 'embedding_output_dim': 32, 'n_training_epochs': 250}",250,1 / (1+epoch)**2,0.787353004901,0.0,6097,0.361380074501,1.0,1.0,10,0.954521404218,64,"{'pretrain_decay': '1 / (1+epoch)**2', 'dropout_probability': 0.5, 'layer_sizes': [64], 'fraction_negative': 0.2, 'activation': 'tanh', 'impute': True, 'embedding_output_dim': 32, 'n_training_epochs': 250}"
tanh,HLA-A0301,0.5,32,13.8863060474,0.2,False,[64],"{'pretrain_decay': '1 / (1+epoch)**2', 'dropout_probability': 0.5, 'layer_sizes': [64], 'fraction_negative': 0.2, 'activation': 'tanh', 'impute': False, 'embedding_output_dim': 32, 'n_training_epochs': 250}",250,1 / (1+epoch)**2,0.92176241094,0.634581105169,4002,0.542524468906,0.93864989963,0.699507389163,1000,0.55682555408,64,"{'pretrain_decay': '1 / (1+epoch)**2', 'dropout_probability': 0.5, 'layer_sizes': [64], 'fraction_negative': 0.2, 'activation': 'tanh', 'impute': False, 'embedding_output_dim': 32, 'n_training_epochs': 250}"
tanh,HLA-A0301,0.5,32,14.7949221134,0.2,True,[64],"{'pretrain_decay': '1 / (1+epoch)**2', 'dropout_probability': 0.5, 'layer_sizes': [64], 'fraction_negative': 0.2, 'activation': 'tanh', 'impute': True, 'embedding_output_dim': 32, 'n_training_epochs': 250}",250,1 / (1+epoch)**2,0.920975485224,0.623188405797,4002,0.5425080474,0.941215831356,0.668341708543,1000,0.560692531882,64,"{'pretrain_decay': '1 / (1+epoch)**2', 'dropout_probability': 0.5, 'layer_sizes': [64], 'fraction_negative': 0.2, 'activation': 'tanh', 'impute': True, 'embedding_output_dim': 32, 'n_training_epochs': 250}"
tanh,HLA-A0301,0.5,32,14.892562151,0.2,True,[64],"{'pretrain_decay': '1 / (1+epoch)**2', 'dropout_probability': 0.5, 'layer_sizes': [64], 'fraction_negative': 0.2, 'activation': 'tanh', 'impute': True, 'embedding_output_dim': 32, 'n_training_epochs': 250}",250,1 / (1+epoch)**2,0.906878507593,0.626589595376,4003,0.523244106963,0.948263188844,0.753812636166,1000,0.594470942471,64,"{'pretrain_decay': '1 / (1+epoch)**2', 'dropout_probability': 0.5, 'layer_sizes': [64], 'fraction_negative': 0.2, 'activation': 'tanh', 'impute': True, 'embedding_output_dim': 32, 'n_training_epochs': 250}"
tanh,HLA-A0301,0.5,32,15.583523035,0.2,False,[64],"{'pretrain_decay': '1 / (1+epoch)**2', 'dropout_probability': 0.5, 'layer_sizes': [64], 'fraction_negative': 0.2, 'activation': 'tanh', 'impute': False, 'embedding_output_dim': 32, 'n_training_epochs': 250}",250,1 / (1+epoch)**2,0.907038722308,0.610029498525,4003,0.52374011612,0.946871849798,0.753303964758,1000,0.586995192686,64,"{'pretrain_decay': '1 / (1+epoch)**2', 'dropout_probability': 0.5, 'layer_sizes': [64], 'fraction_negative': 0.2, 'activation': 'tanh', 'impute': False, 'embedding_output_dim': 32, 'n_training_epochs': 250}"
tanh,HLA-A0301,0.5,32,14.7291359901,0.2,True,[64],"{'pretrain_decay': '1 / (1+epoch)**2', 'dropout_probability': 0.5, 'layer_sizes': [64], 'fraction_negative': 0.2, 'activation': 'tanh', 'impute': True, 'embedding_output_dim': 32, 'n_training_epochs': 250}",250,1 / (1+epoch)**2,0.920144374629,0.659928656361,3993,0.531016171263,0.952521929825,0.749414519906,1000,0.602263939604,64,"{'pretrain_decay': '1 / (1+epoch)**2', 'dropout_probability': 0.5, 'layer_sizes': [64], 'fraction_negative': 0.2, 'activation': 'tanh', 'impute': True, 'embedding_output_dim': 32, 'n_training_epochs': 250}"
tanh,HLA-A0301,0.5,32,13.7018082142,0.2,False,[64],"{'pretrain_decay': '1 / (1+epoch)**2', 'dropout_probability': 0.5, 'layer_sizes': [64], 'fraction_negative': 0.2, 'activation': 'tanh', 'impute': False, 'embedding_output_dim': 32, 'n_training_epochs': 250}",250,1 / (1+epoch)**2,0.920145714657,0.656324582339,3993,0.530421496765,0.949325657895,0.744186046512,1000,0.59756242233,64,"{'pretrain_decay': '1 / (1+epoch)**2', 'dropout_probability': 0.5, 'layer_sizes': [64], 'fraction_negative': 0.2, 'activation': 'tanh', 'impute': False, 'embedding_output_dim': 32, 'n_training_epochs': 250}"
tanh,HLA-A0203,0.5,32,6.21310091019,0.2,True,[64],"{'pretrain_decay': '1 / (1+epoch)**2', 'dropout_probability': 0.5, 'layer_sizes': [64], 'fraction_negative': 0.2, 'activation': 'tanh', 'impute': True, 'embedding_output_dim': 32, 'n_training_epochs': 250}",250,1 / (1+epoch)**2,0.878032472789,0.664390576989,4860,0.53204870235,0.968405330882,0.830508474576,200,0.723689464264,64,"{'pretrain_decay': '1 / (1+epoch)**2', 'dropout_probability': 0.5, 'layer_sizes': [64], 'fraction_negative': 0.2, 'activation': 'tanh', 'impute': True, 'embedding_output_dim': 32, 'n_training_epochs': 250}"
tanh,HLA-A0203,0.5,32,4.02313709259,0.2,False,[64],"{'pretrain_decay': '1 / (1+epoch)**2', 'dropout_probability': 0.5, 'layer_sizes': [64], 'fraction_negative': 0.2, 'activation': 'tanh', 'impute': False, 'embedding_output_dim': 32, 'n_training_epochs': 250}",250,1 / (1+epoch)**2,0.875738928657,0.660449050086,4860,0.527987333874,0.968864889706,0.823529411765,200,0.718397971407,64,"{'pretrain_decay': '1 / (1+epoch)**2', 'dropout_probability': 0.5, 'layer_sizes': [64], 'fraction_negative': 0.2, 'activation': 'tanh', 'impute': False, 'embedding_output_dim': 32, 'n_training_epochs': 250}"
tanh,HLA-A0203,0.5,32,3.77575707436,0.2,False,[64],"{'pretrain_decay': '1 / (1+epoch)**2', 'dropout_probability': 0.5, 'layer_sizes': [64], 'fraction_negative': 0.2, 'activation': 'tanh', 'impute': False, 'embedding_output_dim': 32, 'n_training_epochs': 250}",250,1 / (1+epoch)**2,0.872028288114,0.689699709396,4877,0.530505117347,0.978004713276,0.876923076923,200,0.739647189227,64,"{'pretrain_decay': '1 / (1+epoch)**2', 'dropout_probability': 0.5, 'layer_sizes': [64], 'fraction_negative': 0.2, 'activation': 'tanh', 'impute': False, 'embedding_output_dim': 32, 'n_training_epochs': 250}"
tanh,HLA-A0203,0.5,32,5.51266407967,0.2,True,[64],"{'pretrain_decay': '1 / (1+epoch)**2', 'dropout_probability': 0.5, 'layer_sizes': [64], 'fraction_negative': 0.2, 'activation': 'tanh', 'impute': True, 'embedding_output_dim': 32, 'n_training_epochs': 250}",250,1 / (1+epoch)**2,0.873473462883,0.694523583412,4877,0.53251892964,0.979575805185,0.885496183206,200,0.747954914764,64,"{'pretrain_decay': '1 / (1+epoch)**2', 'dropout_probability': 0.5, 'layer_sizes': [64], 'fraction_negative': 0.2, 'activation': 'tanh', 'impute': True, 'embedding_output_dim': 32, 'n_training_epochs': 250}"
tanh,HLA-A0203,0.5,32,4.92561006546,0.2,True,[64],"{'pretrain_decay': '1 / (1+epoch)**2', 'dropout_probability': 0.5, 'layer_sizes': [64], 'fraction_negative': 0.2, 'activation': 'tanh', 'impute': True, 'embedding_output_dim': 32, 'n_training_epochs': 250}",250,1 / (1+epoch)**2,0.871015483833,0.657323990657,4881,0.522219656758,0.986210826211,0.894308943089,200,0.702949860613,64,"{'pretrain_decay': '1 / (1+epoch)**2', 'dropout_probability': 0.5, 'layer_sizes': [64], 'fraction_negative': 0.2, 'activation': 'tanh', 'impute': True, 'embedding_output_dim': 32, 'n_training_epochs': 250}"
tanh,HLA-A0203,0.5,32,4.05227518082,0.2,False,[64],"{'pretrain_decay': '1 / (1+epoch)**2', 'dropout_probability': 0.5, 'layer_sizes': [64], 'fraction_negative': 0.2, 'activation': 'tanh', 'impute': False, 'embedding_output_dim': 32, 'n_training_epochs': 250}",250,1 / (1+epoch)**2,0.870449868578,0.666666666667,4881,0.519812187974,0.985641025641,0.868852459016,200,0.691444783272,64,"{'pretrain_decay': '1 / (1+epoch)**2', 'dropout_probability': 0.5, 'layer_sizes': [64], 'fraction_negative': 0.2, 'activation': 'tanh', 'impute': False, 'embedding_output_dim': 32, 'n_training_epochs': 250}"
tanh,HLA-A0201,0.5,32,4.30495381355,0.2,True,[64],"{'pretrain_decay': '1 / (1+epoch)**2', 'dropout_probability': 0.5, 'layer_sizes': [64], 'fraction_negative': 0.2, 'activation': 'tanh', 'impute': True, 'embedding_output_dim': 32, 'n_training_epochs': 250}",250,1 / (1+epoch)**2,0.879427115805,0.621350948221,8896,0.486743364366,0.989301692278,0.930693069307,150,0.72761977909,64,"{'pretrain_decay': '1 / (1+epoch)**2', 'dropout_probability': 0.5, 'layer_sizes': [64], 'fraction_negative': 0.2, 'activation': 'tanh', 'impute': True, 'embedding_output_dim': 32, 'n_training_epochs': 250}"
tanh,HLA-A0201,0.5,32,3.13806414604,0.2,False,[64],"{'pretrain_decay': '1 / (1+epoch)**2', 'dropout_probability': 0.5, 'layer_sizes': [64], 'fraction_negative': 0.2, 'activation': 'tanh', 'impute': False, 'embedding_output_dim': 32, 'n_training_epochs': 250}",250,1 / (1+epoch)**2,0.876157980451,0.621445123236,8896,0.482924470538,0.985411398561,0.910891089109,150,0.715580945944,64,"{'pretrain_decay': '1 / (1+epoch)**2', 'dropout_probability': 0.5, 'layer_sizes': [64], 'fraction_negative': 0.2, 'activation': 'tanh', 'impute': False, 'embedding_output_dim': 32, 'n_training_epochs': 250}"
tanh,HLA-A0201,0.5,32,4.05620098114,0.2,True,[64],"{'pretrain_decay': '1 / (1+epoch)**2', 'dropout_probability': 0.5, 'layer_sizes': [64], 'fraction_negative': 0.2, 'activation': 'tanh', 'impute': True, 'embedding_output_dim': 32, 'n_training_epochs': 250}",250,1 / (1+epoch)**2,0.902594975693,0.708850778632,8807,0.521010363595,0.993191985995,0.941176470588,150,0.756156574801,64,"{'pretrain_decay': '1 / (1+epoch)**2', 'dropout_probability': 0.5, 'layer_sizes': [64], 'fraction_negative': 0.2, 'activation': 'tanh', 'impute': True, 'embedding_output_dim': 32, 'n_training_epochs': 250}"
tanh,HLA-A0201,0.5,32,2.98885416985,0.2,False,[64],"{'pretrain_decay': '1 / (1+epoch)**2', 'dropout_probability': 0.5, 'layer_sizes': [64], 'fraction_negative': 0.2, 'activation': 'tanh', 'impute': False, 'embedding_output_dim': 32, 'n_training_epochs': 250}",250,1 / (1+epoch)**2,0.900431649368,0.704242182832,8807,0.514215405074,0.991830383194,0.932038834951,150,0.747128917508,64,"{'pretrain_decay': '1 / (1+epoch)**2', 'dropout_probability': 0.5, 'layer_sizes': [64], 'fraction_negative': 0.2, 'activation': 'tanh', 'impute': False, 'embedding_output_dim': 32, 'n_training_epochs': 250}"
tanh,HLA-A0201,0.5,32,3.14240288734,0.2,False,[64],"{'pretrain_decay': '1 / (1+epoch)**2', 'dropout_probability': 0.5, 'layer_sizes': [64], 'fraction_negative': 0.2, 'activation': 'tanh', 'impute': False, 'embedding_output_dim': 32, 'n_training_epochs': 250}",250,1 / (1+epoch)**2,0.901071225814,0.689682539683,8906,0.517425733837,0.982622752071,0.893617021277,150,0.771904594071,64,"{'pretrain_decay': '1 / (1+epoch)**2', 'dropout_probability': 0.5, 'layer_sizes': [64], 'fraction_negative': 0.2, 'activation': 'tanh', 'impute': False, 'embedding_output_dim': 32, 'n_training_epochs': 250}"
tanh,HLA-A0201,0.5,32,4.40543603897,0.2,True,[64],"{'pretrain_decay': '1 / (1+epoch)**2', 'dropout_probability': 0.5, 'layer_sizes': [64], 'fraction_negative': 0.2, 'activation': 'tanh', 'impute': True, 'embedding_output_dim': 32, 'n_training_epochs': 250}",250,1 / (1+epoch)**2,0.904398175759,0.716723549488,8906,0.519347247627,0.987674277632,0.916666666667,150,0.784575088053,64,"{'pretrain_decay': '1 / (1+epoch)**2', 'dropout_probability': 0.5, 'layer_sizes': [64], 'fraction_negative': 0.2, 'activation': 'tanh', 'impute': True, 'embedding_output_dim': 32, 'n_training_epochs': 250}"
tanh,HLA-A0301,0.5,32,3.03075385094,0.2,True,[64],"{'pretrain_decay': '1 / (1+epoch)**2', 'dropout_probability': 0.5, 'layer_sizes': [64], 'fraction_negative': 0.2, 'activation': 'tanh', 'impute': True, 'embedding_output_dim': 32, 'n_training_epochs': 250}",250,1 / (1+epoch)**2,0.782518115209,0.234124792932,6006,0.340898151023,1.0,1.0,50,0.585550294731,64,"{'pretrain_decay': '1 / (1+epoch)**2', 'dropout_probability': 0.5, 'layer_sizes': [64], 'fraction_negative': 0.2, 'activation': 'tanh', 'impute': True, 'embedding_output_dim': 32, 'n_training_epochs': 250}"
tanh,HLA-A0301,0.5,32,1.97532606125,0.2,False,[64],"{'pretrain_decay': '1 / (1+epoch)**2', 'dropout_probability': 0.5, 'layer_sizes': [64], 'fraction_negative': 0.2, 'activation': 'tanh', 'impute': False, 'embedding_output_dim': 32, 'n_training_epochs': 250}",250,1 / (1+epoch)**2,0.765160642496,0.2,6006,0.315647396423,1.0,1.0,50,0.538775567045,64,"{'pretrain_decay': '1 / (1+epoch)**2', 'dropout_probability': 0.5, 'layer_sizes': [64], 'fraction_negative': 0.2, 'activation': 'tanh', 'impute': False, 'embedding_output_dim': 32, 'n_training_epochs': 250}"
tanh,HLA-A0301,0.5,32,3.17274212837,0.2,True,[64],"{'pretrain_decay': '1 / (1+epoch)**2', 'dropout_probability': 0.5, 'layer_sizes': [64], 'fraction_negative': 0.2, 'activation': 'tanh', 'impute': True, 'embedding_output_dim': 32, 'n_training_epochs': 250}",250,1 / (1+epoch)**2,0.818226481548,0.231625835189,6029,0.398188873847,0.990675990676,0.842105263158,50,0.803062599231,64,"{'pretrain_decay': '1 / (1+epoch)**2', 'dropout_probability': 0.5, 'layer_sizes': [64], 'fraction_negative': 0.2, 'activation': 'tanh', 'impute': True, 'embedding_output_dim': 32, 'n_training_epochs': 250}"
tanh,HLA-A0301,0.5,32,1.79559397697,0.2,False,[64],"{'pretrain_decay': '1 / (1+epoch)**2', 'dropout_probability': 0.5, 'layer_sizes': [64], 'fraction_negative': 0.2, 'activation': 'tanh', 'impute': False, 'embedding_output_dim': 32, 'n_training_epochs': 250}",250,1 / (1+epoch)**2,0.817787841825,0.21667612025,6029,0.391441126789,0.995337995338,0.842105263158,50,0.813271022102,64,"{'pretrain_decay': '1 / (1+epoch)**2', 'dropout_probability': 0.5, 'layer_sizes': [64], 'fraction_negative': 0.2, 'activation': 'tanh', 'impute': False, 'embedding_output_dim': 32, 'n_training_epochs': 250}"
tanh,HLA-A0301,0.5,32,1.7253921032,0.2,False,[64],"{'pretrain_decay': '1 / (1+epoch)**2', 'dropout_probability': 0.5, 'layer_sizes': [64], 'fraction_negative': 0.2, 'activation': 'tanh', 'impute': False, 'embedding_output_dim': 32, 'n_training_epochs': 250}",250,1 / (1+epoch)**2,0.803556181135,0.450472667489,5963,0.377141779359,1.0,0.941176470588,50,0.759519304827,64,"{'pretrain_decay': '1 / (1+epoch)**2', 'dropout_probability': 0.5, 'layer_sizes': [64], 'fraction_negative': 0.2, 'activation': 'tanh', 'impute': False, 'embedding_output_dim': 32, 'n_training_epochs': 250}"
tanh,HLA-A0301,0.5,32,3.25890183449,0.2,True,[64],"{'pretrain_decay': '1 / (1+epoch)**2', 'dropout_probability': 0.5, 'layer_sizes': [64], 'fraction_negative': 0.2, 'activation': 'tanh', 'impute': True, 'embedding_output_dim': 32, 'n_training_epochs': 250}",250,1 / (1+epoch)**2,0.815190162756,0.42615658363,5963,0.401120663051,1.0,0.909090909091,50,0.754483817723,64,"{'pretrain_decay': '1 / (1+epoch)**2', 'dropout_probability': 0.5, 'layer_sizes': [64], 'fraction_negative': 0.2, 'activation': 'tanh', 'impute': True, 'embedding_output_dim': 32, 'n_training_epochs': 250}"
tanh,HLA-A0203,0.5,32,3.78114008904,0.2,True,[64],"{'pretrain_decay': '1 / (1+epoch)**2', 'dropout_probability': 0.5, 'layer_sizes': [64], 'fraction_negative': 0.2, 'activation': 'tanh', 'impute': True, 'embedding_output_dim': 32, 'n_training_epochs': 250}",250,1 / (1+epoch)**2,0.821252179398,0.574111334675,5155,0.445329177282,0.995714285714,0.918032786885,100,0.792008056568,64,"{'pretrain_decay': '1 / (1+epoch)**2', 'dropout_probability': 0.5, 'layer_sizes': [64], 'fraction_negative': 0.2, 'activation': 'tanh', 'impute': True, 'embedding_output_dim': 32, 'n_training_epochs': 250}"
tanh,HLA-A0203,0.5,32,2.31081390381,0.2,False,[64],"{'pretrain_decay': '1 / (1+epoch)**2', 'dropout_probability': 0.5, 'layer_sizes': [64], 'fraction_negative': 0.2, 'activation': 'tanh', 'impute': False, 'embedding_output_dim': 32, 'n_training_epochs': 250}",250,1 / (1+epoch)**2,0.810396513228,0.578773895847,5155,0.426462705022,0.994761904762,0.915254237288,100,0.779992239858,64,"{'pretrain_decay': '1 / (1+epoch)**2', 'dropout_probability': 0.5, 'layer_sizes': [64], 'fraction_negative': 0.2, 'activation': 'tanh', 'impute': False, 'embedding_output_dim': 32, 'n_training_epochs': 250}"
tanh,HLA-A0203,0.5,32,2.40354394913,0.2,False,[64],"{'pretrain_decay': '1 / (1+epoch)**2', 'dropout_probability': 0.5, 'layer_sizes': [64], 'fraction_negative': 0.2, 'activation': 'tanh', 'impute': False, 'embedding_output_dim': 32, 'n_training_epochs': 250}",250,1 / (1+epoch)**2,0.84489746676,0.605941887039,5188,0.47658551748,0.996567996568,0.942857142857,100,0.825217292776,64,"{'pretrain_decay': '1 / (1+epoch)**2', 'dropout_probability': 0.5, 'layer_sizes': [64], 'fraction_negative': 0.2, 'activation': 'tanh', 'impute': False, 'embedding_output_dim': 32, 'n_training_epochs': 250}"
tanh,HLA-A0203,0.5,32,3.8631169796,0.2,True,[64],"{'pretrain_decay': '1 / (1+epoch)**2', 'dropout_probability': 0.5, 'layer_sizes': [64], 'fraction_negative': 0.2, 'activation': 'tanh', 'impute': True, 'embedding_output_dim': 32, 'n_training_epochs': 250}",250,1 / (1+epoch)**2,0.836724590473,0.605170762847,5188,0.469237758951,0.996138996139,0.942857142857,100,0.82352973185,64,"{'pretrain_decay': '1 / (1+epoch)**2', 'dropout_probability': 0.5, 'layer_sizes': [64], 'fraction_negative': 0.2, 'activation': 'tanh', 'impute': True, 'embedding_output_dim': 32, 'n_training_epochs': 250}"
tanh,HLA-A0203,0.5,32,2.41239118576,0.2,False,[64],"{'pretrain_decay': '1 / (1+epoch)**2', 'dropout_probability': 0.5, 'layer_sizes': [64], 'fraction_negative': 0.2, 'activation': 'tanh', 'impute': False, 'embedding_output_dim': 32, 'n_training_epochs': 250}",250,1 / (1+epoch)**2,0.841734076301,0.636049072035,5129,0.487334195229,0.998712998713,0.942857142857,100,0.764532429812,64,"{'pretrain_decay': '1 / (1+epoch)**2', 'dropout_probability': 0.5, 'layer_sizes': [64], 'fraction_negative': 0.2, 'activation': 'tanh', 'impute': False, 'embedding_output_dim': 32, 'n_training_epochs': 250}"
tanh,HLA-A0203,0.5,32,3.62257790565,0.2,True,[64],"{'pretrain_decay': '1 / (1+epoch)**2', 'dropout_probability': 0.5, 'layer_sizes': [64], 'fraction_negative': 0.2, 'activation': 'tanh', 'impute': True, 'embedding_output_dim': 32, 'n_training_epochs': 250}",250,1 / (1+epoch)**2,0.851221675685,0.657169402292,5129,0.499891280031,0.999570999571,0.911764705882,100,0.762436097403,64,"{'pretrain_decay': '1 / (1+epoch)**2', 'dropout_probability': 0.5, 'layer_sizes': [64], 'fraction_negative': 0.2, 'activation': 'tanh', 'impute': True, 'embedding_output_dim': 32, 'n_training_epochs': 250}"
tanh,HLA-A0301,0.5,32,3.54057002068,0.2,False,[64],"{'pretrain_decay': '1 / (1+epoch)**2', 'dropout_probability': 0.5, 'layer_sizes': [64], 'fraction_negative': 0.2, 'activation': 'tanh', 'impute': False, 'embedding_output_dim': 32, 'n_training_epochs': 250}",250,1 / (1+epoch)**2,0.866752815218,0.541186891054,5586,0.451762934019,0.964156490276,0.759259259259,200,0.641773558206,64,"{'pretrain_decay': '1 / (1+epoch)**2', 'dropout_probability': 0.5, 'layer_sizes': [64], 'fraction_negative': 0.2, 'activation': 'tanh', 'impute': False, 'embedding_output_dim': 32, 'n_training_epochs': 250}"
tanh,HLA-A0301,0.5,32,5.05175685883,0.2,True,[64],"{'pretrain_decay': '1 / (1+epoch)**2', 'dropout_probability': 0.5, 'layer_sizes': [64], 'fraction_negative': 0.2, 'activation': 'tanh', 'impute': True, 'embedding_output_dim': 32, 'n_training_epochs': 250}",250,1 / (1+epoch)**2,0.878846911257,0.608205953339,5586,0.470897568565,0.967435549525,0.796610169492,200,0.641773558206,64,"{'pretrain_decay': '1 / (1+epoch)**2', 'dropout_probability': 0.5, 'layer_sizes': [64], 'fraction_negative': 0.2, 'activation': 'tanh', 'impute': True, 'embedding_output_dim': 32, 'n_training_epochs': 250}"
tanh,HLA-A0301,0.5,32,4.32785511017,0.2,False,[64],"{'pretrain_decay': '1 / (1+epoch)**2', 'dropout_probability': 0.5, 'layer_sizes': [64], 'fraction_negative': 0.2, 'activation': 'tanh', 'impute': False, 'embedding_output_dim': 32, 'n_training_epochs': 250}",250,1 / (1+epoch)**2,0.864583009758,0.574332909784,5631,0.456183013931,0.979435736677,0.787234042553,200,0.624747591251,64,"{'pretrain_decay': '1 / (1+epoch)**2', 'dropout_probability': 0.5, 'layer_sizes': [64], 'fraction_negative': 0.2, 'activation': 'tanh', 'impute': False, 'embedding_output_dim': 32, 'n_training_epochs': 250}"
tanh,HLA-A0301,0.5,32,5.0152490139,0.2,True,[64],"{'pretrain_decay': '1 / (1+epoch)**2', 'dropout_probability': 0.5, 'layer_sizes': [64], 'fraction_negative': 0.2, 'activation': 'tanh', 'impute': True, 'embedding_output_dim': 32, 'n_training_epochs': 250}",250,1 / (1+epoch)**2,0.864002177803,0.529172320217,5631,0.45726322724,0.987586206897,0.769230769231,200,0.628812729687,64,"{'pretrain_decay': '1 / (1+epoch)**2', 'dropout_probability': 0.5, 'layer_sizes': [64], 'fraction_negative': 0.2, 'activation': 'tanh', 'impute': True, 'embedding_output_dim': 32, 'n_training_epochs': 250}"
tanh,HLA-A0301,0.5,32,3.76695513725,0.2,False,[64],"{'pretrain_decay': '1 / (1+epoch)**2', 'dropout_probability': 0.5, 'layer_sizes': [64], 'fraction_negative': 0.2, 'activation': 'tanh', 'impute': False, 'embedding_output_dim': 32, 'n_training_epochs': 250}",250,1 / (1+epoch)**2,0.873586789953,0.547294324681,5604,0.471514838259,0.983197492163,0.833333333333,200,0.620049730156,64,"{'pretrain_decay': '1 / (1+epoch)**2', 'dropout_probability': 0.5, 'layer_sizes': [64], 'fraction_negative': 0.2, 'activation': 'tanh', 'impute': False, 'embedding_output_dim': 32, 'n_training_epochs': 250}"
tanh,HLA-A0301,0.5,32,5.04799699783,0.2,True,[64],"{'pretrain_decay': '1 / (1+epoch)**2', 'dropout_probability': 0.5, 'layer_sizes': [64], 'fraction_negative': 0.2, 'activation': 'tanh', 'impute': True, 'embedding_output_dim': 32, 'n_training_epochs': 250}",250,1 / (1+epoch)**2,0.87297857566,0.576397515528,5604,0.468376795184,0.988463949843,0.857142857143,200,0.642804828799,64,"{'pretrain_decay': '1 / (1+epoch)**2', 'dropout_probability': 0.5, 'layer_sizes': [64], 'fraction_negative': 0.2, 'activation': 'tanh', 'impute': True, 'embedding_output_dim': 32, 'n_training_epochs': 250}"
